begin,open,close,high,low,volume,ema_20,ema_50,ema_200,rsi_14
2023-12-25,0.11062,0.10826,0.11122,0.10822,2669810000,0.10826,0.10826,0.10826,
2023-12-26,0.10854,0.10694,0.10854,0.10638,2776620000,0.10813428571428571,0.10820823529411765,0.1082468656716418,
2023-12-27,0.10682,0.1098,0.11036,0.10674,5058360000,0.10829292517006803,0.10827065743944636,0.1082623197445608,
2023-12-28,0.11,0.10888,0.11,0.10836,2294640000,0.10834883705863298,0.10829455322613474,0.10826846581675423,
2023-12-29,0.10822,0.10868,0.11022,0.10822,2087340000,0.10838037638638222,0.10830966878589415,0.1082725606842492,
2024-01-03,0.10962,0.1117,0.11198,0.10918,2058190000,0.10869653101625058,0.1084426229511532,0.10830666455803778,
2024-01-04,0.11152,0.11364,0.11426,0.11056,2487450000,0.10916733758613148,0.10864644165895113,0.10835973257238567,
2024-01-05,0.11366,0.11332,0.11398,0.11174,1259080000,0.10956282924459515,0.10882971845663933,0.1084090884671878,
2024-01-08,0.1143,0.11536,0.11584,0.1136,2308440000,0.1101149407451099,0.10908580792892798,0.10847825176602176,
2024-01-09,0.11536,0.11702,0.11722,0.115,1619220000,0.11077256543605182,0.10939695271602885,0.10856324428576283,
2024-01-10,0.117,0.11722,0.11828,0.11656,2020760000,0.11138660682309451,0.10970373888402773,0.10864938115854132,
2024-01-11,0.11798,0.11706,0.11798,0.11546,1963110000,0.1119269299827998,0.10999221971210507,0.10873306890820758,
2024-01-12,0.11758,0.11738,0.11894,0.11664,1548080000,0.11244626998443791,0.11028193658614016,0.1088191080235488,
2024-01-15,0.118,0.11818,0.11834,0.11702,1226900000,0.11299233950972953,0.11059166456315427,0.10891225122729459,
2024-01-16,0.11832,0.11724,0.11844,0.117,1923740000,0.113396878604041,0.11085238359989331,0.10899511439916232,76.88622754491018
2024-01-17,0.117,0.1174,0.11804,0.1167,1255710000,0.113778128260799,0.11110915287048573,0.10907874510165821,83.65508365508367
2024-01-18,0.1175,0.1166,0.1185,0.1161,1781150000,0.11404687795024672,0.11132448020889806,0.10915358345885565,75.22255192878335
2024-01-19,0.11662,0.11612,0.11708,0.11426,1968350000,0.11424431814546132,0.11151253980854911,0.10922290103637947,77.76073619631896
2024-01-22,0.11612,0.1174,0.11774,0.1158,1390120000,0.114544859274465,0.11174342060037071,0.10930426520517171,80.87818696883849
2024-01-23,0.118,0.12322,0.1235,0.1174,7325740000,0.11537106315308739,0.11219348253761108,0.10944273022800582,84.04255319148933
2024-01-24,0.124,0.12124,0.12446,0.12102,4116900000,0.11593000951946002,0.112548247928293,0.1095601159968814,72.40566037735847
2024-01-25,0.12122,0.123,0.124,0.11956,3035680000,0.11660334194617812,0.11295812055855603,0.10969384618596716,76.30434782608694
2024-01-26,0.12266,0.12166,0.12354,0.12134,1132460000,0.11708492842749449,0.1132993707327303,0.10981291239307198,67.79661016949154
2024-01-29,0.1218,0.12558,0.12666,0.1218,4792630000,0.1178939828629712,0.11378096403732912,0.10996979883692201,71.44288577154309
2024-01-30,0.12616,0.12484,0.1279,0.124,3402350000,0.118555508304593,0.11421465172213975,0.11011776103754965,68.58536585365856
2024-01-31,0.1259,0.1274,0.12796,0.12478,2621640000,0.1193978408470127,0.11473172420362447,0.11028972361429046,72.57641921397385
2024-02-01,0.1275,0.12604,0.12856,0.12604,1968090000,0.1200304274330115,0.11517518599956077,0.11044644278230747,68.0868838763576
2024-02-02,0.12674,0.12562,0.12674,0.12512,979010000,0.1205627676774866,0.11558478654859759,0.11059742345114025,65.78947368421058
2024-02-05,0.12522,0.12726,0.12788,0.12522,1311440000,0.12120059932724979,0.11604263805649573,0.11076322023272095,70.65127782357794
2024-02-06,0.12726,0.12796,0.1284,0.12726,1757840000,0.12184435177227362,0.11650998558369198,0.11093433246921129,71.29032258064517
2024-02-07,0.128,0.127,0.12878,0.12694,1365530000,0.12233536588919994,0.116921358698057,0.11109418985757735,70.8333333333334
2024-02-08,0.127,0.1242,0.12774,0.1241,2059890000,0.12251295009022851,0.11720679561185869,0.11122459592864624,64.8093841642229
2024-02-09,0.12514,0.12554,0.12618,0.12314,1235700000,0.1228012405578258,0.1175335879408054,0.11136703776020201,64.88661302121437
2024-02-12,0.12512,0.1247,0.12588,0.12366,1008480000,0.12298207479041381,0.11781462370783265,0.11149970405114529,53.30948121645799
2024-02-13,0.1243,0.12498,0.12598,0.1243,965920000,0.12317235338180298,0.1180956188565451,0.11163383634914384,59.051306873184906
2024-02-14,0.12598,0.12612,0.12736,0.12524,1510790000,0.12345308163115508,0.11841030047001391,0.11177797728099316,57.78443113772459
2024-02-15,0.1258,0.12596,0.12648,0.12464,1081390000,0.12369183576152126,0.11870636711824867,0.11191909193491363,61.39978791092254
2024-02-16,0.12588,0.1235,0.12588,0.12344,1128910000,0.12367356568899543,0.1188943527214546,0.11203432485098413,44.02298850574713
2024-02-19,0.12348,0.12116,0.12384,0.12104,2512810000,0.12343417848051967,0.11898320163433874,0.1121251275887853,40.31578947368421
2024-02-20,0.1211,0.1186,0.12234,0.1172,3410920000,0.12297378052999398,0.11896817411926663,0.11218955417994167,26.842105263157862
2024-02-21,0.1196,0.11892,0.12154,0.117,3425760000,0.12258770619380409,0.11896628493811892,0.1122565237900915,30.178173719376346
2024-02-22,0.119,0.11912,0.12104,0.118,1244760000,0.12225744846106083,0.11897231297976132,0.1123248170857125,31.679819616685435
2024-02-26,0.1201,0.12114,0.1218,0.12,1045860000,0.12215102479810266,0.11905732031388834,0.11241253034854125,33.11258278145691
2024-02-27,0.12092,0.1214,0.1233,0.1195,1851540000,0.12207949862685478,0.11914919010550057,0.11250195790726224,31.447963800905
2024-02-28,0.1214,0.12056,0.1219,0.12024,1004910000,0.12193478447191623,0.11920451598371623,0.11258213743057306,31.66287015945332
2024-02-29,0.12112,0.12002,0.12112,0.11928,993470000,0.12175242404601945,0.11923649574906069,0.11265614601335343,36.33986928104576
2024-03-01,0.12006,0.12172,0.12244,0.11988,1299980000,0.12174933604163664,0.11933388807262695,0.11274633361521062,37.803320561941206
2024-03-04,0.12292,0.1239,0.124,0.1221,1548860000,0.12195416118052839,0.1195129512854651,0.11285731537028315,47.647058823529385
2024-03-05,0.12406,0.12232,0.12482,0.12202,1217050000,0.12198900297285901,0.11962303162721157,0.11295147143625049,42.73224043715849
2024-03-06,0.122,0.12202,0.1227,0.12162,995020000,0.12199195507068197,0.11971703038692877,0.11304170555131268,38.258877434135144
2024-03-07,0.12278,0.12156,0.12304,0.1206,1118860000,0.12195081649252179,0.11978930370508843,0.11312646470005584,37.61261261261264
2024-03-11,0.12216,0.12036,0.12226,0.11944,1942000000,0.12179931015990066,0.11981168395194772,0.11319844017567718,40.48484848484846
2024-03-12,0.12036,0.12006,0.12048,0.11836,1739900000,0.12163366157324346,0.11982142183618506,0.11326671440278487,46.196403872752406
2024-03-13,0.12012,0.12016,0.12148,0.12,1994390000,0.12149331285198217,0.11983469941123663,0.11333530430922482,56.50000000000003
2024-03-14,0.12104,0.11924,0.12104,0.11886,1185920000,0.12127871162798387,0.11981137786569794,0.11339405750017782,51.26984126984127
2024-03-15,0.11924,0.1204,0.1205,0.11914,849500000,0.12119502480627112,0.11983446108665097,0.11346376837082282,54.71976401179938
2024-03-18,0.12038,0.1208,0.12174,0.1196,1384800000,0.12115740339615007,0.1198723253577627,0.11353676570046638,48.57621440536016
2024-03-19,0.1208,0.1187,0.12228,0.1144,3109020000,0.12092336497746911,0.11982635181432102,0.11358814116613339,40.20319303338173
2024-03-20,0.11854,0.11922,0.1202,0.1177,1821450000,0.12076113974151968,0.11980257331179864,0.11364417956249027,45.022288261515634
2024-03-21,0.11958,0.11692,0.12078,0.11532,3930250000,0.120395316908994,0.11968953122113987,0.1136767747907242,39.81603153745072
2024-03-22,0.11622,0.11338,0.1172,0.11198,3636050000,0.1197271914890898,0.11944209862423243,0.11367382180773193,25.556858147713996
2024-03-25,0.1136,0.11302,0.1144,0.11104,3485330000,0.11908841134727172,0.11919025161936057,0.11366731611810275,14.30446194225729
2024-03-26,0.11242,0.11548,0.1158,0.11242,2519980000,0.11874475312372203,0.11904475155585625,0.11368535277364403,28.784119106699805
2024-03-27,0.11552,0.11672,0.1168,0.1145,1795840000,0.11855191949289136,0.11895358482817563,0.11371554826843365,34.4665885111372
2024-03-28,0.11672,0.1161,0.11688,0.1155,1168910000,0.11831840335071123,0.11884167954079619,0.11373927415630992,34.14634146341466
2024-03-29,0.1161,0.11736,0.11878,0.1155,2490640000,0.11822712684111968,0.11878357446076497,0.11377530127913271,41.31944444444451
2024-04-01,0.11848,0.12046,0.12052,0.1179,2335640000,0.1184397814276797,0.1188493166387742,0.11384181569426573,50.99601593625496
2024-04-02,0.1205,0.12104,0.12196,0.11962,2346240000,0.11868742129171021,0.11893522579019482,0.1139134394187009,52.140077821011644
2024-04-03,0.1212,0.1207,0.1217,0.1192,2062380000,0.11887909545440449,0.1190044326219519,0.11398096738468398,53.653653653653656
2024-04-04,0.1207,0.12446,0.12666,0.1194,10115720000,0.11941061017303263,0.11921837644069888,0.1140852363659309,58.99025686448184
2024-04-05,0.12456,0.123,0.126,0.1226,2874040000,0.11975245682322,0.11936667540380874,0.11417394048169278,54.65313028764804
2024-04-08,0.12398,0.12618,0.1265,0.1235,3011240000,0.12036460379243713,0.11963386460365938,0.11429340376048192,65.12944983818767
2024-04-09,0.1266,0.12364,0.12686,0.12252,2795680000,0.1206765462883955,0.11979096795253548,0.11438640471808907,58.26477187733731
2024-04-10,0.12364,0.12294,0.12416,0.1216,1956580000,0.12089211330854831,0.11991445940537722,0.1144715151189041,61.972951471758144
2024-04-11,0.12294,0.12166,0.1238,0.12086,1503390000,0.12096524537440084,0.11998291197771536,0.11454304233165134,68.09440559440563
2024-04-12,0.12164,0.12142,0.1227,0.12088,1966400000,0.12100855533874362,0.12003926837074613,0.1146114697711374,68.45342706502637
2024-04-15,0.12144,0.12332,0.124,0.12144,2159090000,0.12122869292552993,0.1201679245130698,0.11469812181321563,67.65765765765767
2024-04-16,0.12362,0.12322,0.124,0.1221,1898060000,0.1214183412183366,0.1202876137478514,0.11478291662104434,65.4320987654321
2024-04-17,0.1234,0.12336,0.12518,0.1227,3266120000,0.12160326110230454,0.12040809948322978,0.11486826073426779,67.63848396501461
2024-04-18,0.1234,0.1219,0.1234,0.12116,1853250000,0.12163152194970411,0.12046660538584822,0.11493822828915069,60.923965351299316
2024-04-19,0.12178,0.12204,0.12294,0.12146,1579480000,0.12167042462116087,0.12052830713542281,0.11500889268428352,54.43322109988777
2024-04-22,0.123,0.12266,0.1238,0.12262,1874180000,0.12176466989533602,0.12061190293403369,0.11508502310533543,54.53527435610306
2024-04-23,0.12266,0.12174,0.1234,0.121,1526790000,0.1217623203814945,0.12065614203465982,0.11515124178090425,52.81995661605206
2024-04-24,0.12174,0.12066,0.12234,0.12024,1451390000,0.12165733748801882,0.12065629332741827,0.11520605529552212,37.94416243654823
2024-04-25,0.12054,0.1204,0.121,0.11954,1315360000,0.12153759106058847,0.12064624260869598,0.11525773633735772,41.071428571428555
2024-04-26,0.12048,0.12456,0.12618,0.11966,7865190000,0.12182543953100862,0.12079972329070791,0.11535029617479696,44.78764478764485
2024-04-27,0.125,0.12382,0.12576,0.123,2997770000,0.12201539767091256,0.12091816551460172,0.11543457183474923,50.65502183406113
2024-04-29,0.1239,0.12844,0.1294,0.12314,6999150000,0.12262726455939708,0.12121313941598989,0.11556397908017461,65.57191392978481
2024-04-30,0.12802,0.13106,0.13218,0.12802,10517850000,0.12343038222040689,0.12159929081144127,0.11571816834305845,74.7368421052631
2024-05-02,0.1315,0.12822,0.1319,0.12764,7487610000,0.12388653629465385,0.12185892646589457,0.1158425646779534,65.74074074074069
2024-05-03,0.12822,0.12874,0.1315,0.1265,4195900000,0.12434877093325825,0.12212877248683988,0.115970897367725,63.402571711177
2024-05-06,0.12904,0.13098,0.13282,0.12904,5531830000,0.12498031655866222,0.12247587944814028,0.11612024167252376,67.35241502683361
2024-05-07,0.13054,0.13034,0.13274,0.129,3138270000,0.1254907626006944,0.12278427633252695,0.11626173180513547,65.2668416447944
2024-05-08,0.13074,0.12784,0.13074,0.12706,3508330000,0.12571449949586636,0.12298254000576118,0.11637693845384059,62.42677824267782
2024-05-10,0.128,0.12874,0.12922,0.1278,965770000,0.12600264240102194,0.1232083227506333,0.11649995399161332,63.584752635847494
2024-05-13,0.13,0.12824,0.13,0.12654,2581250000,0.1262157240771151,0.12340564342707905,0.11661677036980624,61.369193154034186
2024-05-14,0.1286,0.12458,0.1286,0.1234,9058250000,0.12605994083167554,0.12345169662601714,0.11669600648552957,55.20527859237535
2024-05-15,0.1246,0.12498,0.12656,0.124,4568250000,0.1259570893238969,0.12351163009166352,0.11677843428169345,58.12030075187967
2024-05-16,0.125,0.12484,0.1257,0.124,2128650000,0.12585069986447817,0.12356372302924534,0.1168586488659552,58.383685800604255
2024-05-17,0.1245,0.1242,0.12618,0.1238,2039530000,0.1256934903535755,0.12358867506731415,0.11693169713594571,49.21602787456446
2024-05-20,0.1242,0.1204,0.12454,0.12036,4448290000,0.12518934841513973,0.12346362898624301,0.11696620761220497,43.428132205995375
2024-05-21,0.1202,0.11792,0.12096,0.11602,7184090000,0.12449702951845976,0.12324623177109623,0.11697569808372532,27.97319932998326
2024-05-22,0.11798,0.11868,0.12094,0.11796,3809870000,0.12394302670717787,0.12306716385850422,0.11699265631174796,21.88919164395999
2024-05-23,0.11876,0.11926,0.12034,0.11732,2006780000,0.12349702416363711,0.12291786331503347,0.11701521694546192,27.327935222672068
2024-05-24,0.11924,0.11468,0.11984,0.11394,5392760000,0.12265730757662405,0.12259480985169884,0.11699198095595485,20.486985726280466
2024-05-27,0.11574,0.111,0.11574,0.1075,5947500000,0.12154708780742175,0.12214011142614202,0.11693235925490057,10.451306413301623
2024-05-28,0.111,0.10782,0.1128,0.10544,7972360000,0.12023974611147682,0.12157853842903842,0.11684168901355829,9.496402877697804
2024-05-29,0.10782,0.10644,0.10848,0.10324,5691340000,0.11892548457705046,0.12098487025535064,0.11673818962038857,9.895052473763087
2024-05-30,0.1068,0.10528,0.10834,0.1044,4490540000,0.11762591461733138,0.12036899299043492,0.11662417778336978,6.4587973273942225
2024-05-31,0.10528,0.1011,0.10638,0.10016,5062050000,0.11605201798710935,0.1196133462064963,0.1164697083526895,5.68256041802745
2024-06-03,0.1013,0.1023,0.10374,0.098,5004800000,0.11474230198833703,0.11893439145330037,0.11632871622977717,10.44034090909095
2024-06-04,0.10258,0.10482,0.10578,0.10064,3726360000,0.11379732084659064,0.11838088590611212,0.11621420164042616,16.710700132100413
2024-06-05,0.10522,0.1036,0.10674,0.10202,2390490000,0.11282614743262963,0.1178012433215587,0.11608868719624282,16.13520408163268
2024-06-06,0.104,0.10326,0.105,0.10216,1496680000,0.11191508577237919,0.11723099848541914,0.1159610385674245,16.29104958145527
2024-06-07,0.10366,0.10772,0.1094,0.1028,4161420000,0.11151555379405735,0.11685801815265762,0.11587903818366904,30.0126103404792
2024-06-10,0.10812,0.10456,0.1094,0.103,2854140000,0.11085312009938522,0.11637574293098477,0.1157664109380604,29.382716049382722
2024-06-11,0.10412,0.10212,0.10592,0.1006,3989480000,0.11002139437563424,0.11581669418859321,0.11563062575459711,25.704225352112687
2024-06-13,0.0988,0.1031,0.10378,0.094,4052840000,0.10936221395890716,0.11531800029884447,0.11550594291126778,26.56612529002318
2024-06-14,0.1035,0.1075,0.10868,0.103,4053360000,0.10918486024853505,0.11501141205183096,0.11542628178777259,39.533527696792994
2024-06-17,0.10812,0.10648,0.10856,0.1055,2838050000,0.10892725451057933,0.11467684687332778,0.11533726405854103,42.857142857142854
2024-06-18,0.10604,0.10426,0.1066,0.1038,2809880000,0.10848275408100035,0.11426834307437375,0.11522704252562023,44.19817470664929
2024-06-19,0.10426,0.10122,0.105,0.09958,3418050000,0.10779106321614317,0.11375664334596694,0.11508766896815137,41.92949907235621
2024-06-20,0.1013,0.10506,0.107,0.101,3623870000,0.10753096195746287,0.1134155985088702,0.11498789116747325,49.68589377498573
2024-06-21,0.10536,0.10438,0.10662,0.1037,1196730000,0.10723087034246641,0.11306126131244393,0.114882340011578,55.2030456852792
2024-06-24,0.10438,0.1042,0.1055,0.10396,1167310000,0.10694221602413628,0.11271376086881868,0.11477604807116429,53.11475409836065
2024-06-25,0.1044,0.1065,0.1083,0.10386,1737310000,0.10690010021231379,0.11247008397200227,0.11469369933413778,52.77410832232497
2024-06-26,0.1071,0.1059,0.109,0.10406,2594230000,0.10680485257304581,0.11221243362015904,0.11460619983827572,53.87727579231288
2024-06-27,0.10596,0.10516,0.10598,0.10422,1228470000,0.10664819994704144,0.11193586759583908,0.11451220780008392,53.16034597471723
2024-06-28,0.105,0.10502,0.10824,0.105,1278470000,0.10649313328541846,0.11166465710188461,0.11441775797122737,44.75524475524476
2024-07-01,0.1052,0.10624,0.1063,0.10438,1348720000,0.10646902535347384,0.11145192545083031,0.11433638724514551,53.52941176470589
2024-07-02,0.1064,0.10732,0.10842,0.1052,1896980000,0.10655007055790491,0.1112898891586409,0.11426657244668637,61.586452762923365
2024-07-03,0.1079,0.10468,0.1079,0.1042,1846960000,0.1063719686000092,0.11103067781908635,0.11417118366612232,53.27800829875518
2024-07-04,0.1046,0.10204,0.10552,0.102,1772890000,0.10595940016191309,0.11067810221833786,0.11405047537093703,37.779767233661595
2024-07-05,0.102,0.1016,0.1044,0.09934,4175190000,0.10554421919411185,0.1103220982097756,0.11392659004386303,38.78676470588232
2024-07-08,0.1016,0.1001,0.1037,0.09934,2442630000,0.10502572212800595,0.10992123161331381,0.11378901203347634,40.11406844106461
2024-07-09,0.1001,0.09728,0.10172,0.0965,3799870000,0.1042880343062911,0.10942549704024268,0.11362474325702383,40.537944284341975
2024-07-10,0.0974,0.0924,0.0979,0.092,4200060000,0.10315584056283482,0.10875783048964494,0.11341355178182957,21.04300091491305
2024-07-11,0.09298,0.09786,0.10032,0.09244,4650320000,0.10265147479494578,0.10833046458809023,0.11325879007255765,37.76276276276277
2024-07-12,0.09774,0.09516,0.0983,0.0944,2972000000,0.10193800100495094,0.10781397578071414,0.11307870260914912,34.49931412894375
2024-07-15,0.09548,0.09398,0.09694,0.09284,3230630000,0.10118009614733657,0.10727146692656848,0.11288866576726705,27.674750356633382
2024-07-16,0.0945,0.095,0.09606,0.09284,3970050000,0.10059151556187595,0.10679023292944816,0.1127106690929659,30.85031623330994
2024-07-17,0.095,0.09592,0.09792,0.09462,2599010000,0.10014660931788777,0.10636394928515608,0.11254359775870754,33.868715083798904
2024-07-18,0.09598,0.0985,0.0989,0.0947,2564320000,0.09998978938285084,0.10605555911711075,0.11240386046757612,39.51093951093952
2024-07-19,0.0985,0.097,0.0993,0.09682,3010110000,0.09970504753686506,0.10570043915173385,0.11225058822411767,35.26785714285717
2024-07-22,0.09804,0.09778,0.0982,0.0961,1771760000,0.09952170967621124,0.10538983369480312,0.11210660227163888,34.64262717321316
2024-07-23,0.09776,0.0991,0.09968,0.09712,1413880000,0.0994815468499054,0.10514317354990887,0.11197718334356287,40.61869535978481
2024-07-24,0.0993,0.0997,0.10098,0.09844,1984140000,0.09950235191181918,0.10492971576363795,0.11185502231526871,45.776173285198546
2024-07-25,0.09944,0.1005,0.10192,0.09902,2074040000,0.09959736601545544,0.10475600141996588,0.11174203701859937,48.039914468995036
2024-07-26,0.1001,0.09834,0.10146,0.0974,2964060000,0.09947761687112634,0.1045043935211437,0.11160868341642427,46.93593314763232
2024-07-29,0.098,0.096,0.09838,0.09534,2439860000,0.09914641526435242,0.10417088789286356,0.11145337313367379,47.73371104815864
2024-07-30,0.0959,0.0971,0.098,0.09522,1861870000,0.09895151857250933,0.1038935981715748,0.11131055350050291,59.60752248569092
2024-07-31,0.0974,0.1001,0.1003,0.0971,2371130000,0.09906089775607987,0.10374482961582678,0.11119900570447801,55.090909090909065
2024-08-01,0.1004,0.099,0.10108,0.09888,2515270000,0.09905509796978655,0.10355875786618651,0.11107762256313992,59.411764705882376
2024-08-02,0.099,0.0991,0.101,0.09842,4659410000,0.09905937435361639,0.10338390461653214,0.11095844223912858,63.250517598343684
2024-08-05,0.097,0.0947,0.09794,0.09418,3451590000,0.09864419584374817,0.10304335933745246,0.11079666669446064,49.339207048458164
2024-08-06,0.09502,0.09548,0.09696,0.09452,1586260000,0.09834284385862929,0.10274675701049354,0.11064426205073467,49.02482269503544
2024-08-07,0.096,0.09728,0.098,0.09486,2185170000,0.09824162063399793,0.10253237438263105,0.11051128431888657,47.19926538108356
2024-08-08,0.09724,0.0961,0.09842,0.0961,1054640000,0.09803765676409336,0.10228012440684159,0.11036788845501706,47.90307548928239
2024-08-09,0.0961,0.0959,0.0973,0.0958,858520000,0.09783407040560826,0.10202992344971056,0.11022392936591242,45.498084291187716
2024-08-12,0.0958,0.09774,0.09842,0.0949,2545700000,0.09782511131935986,0.10186169115756505,0.11009971116326653,46.822429906542055
2024-08-13,0.09774,0.10066,0.101,0.0976,2070280000,0.09809510071751606,0.10181456601413114,0.11000578368900517,52.023608768971336
2024-08-14,0.10066,0.10184,0.1038,0.10016,5535340000,0.09845175779203835,0.10181556342534169,0.1099245321100101,52.78008298755186
2024-08-15,0.1019,0.1,0.10354,0.09976,4278350000,0.09859920943089184,0.10174436485964201,0.10982578054672643,53.49032800672836
2024-08-16,0.10006,0.10074,0.10262,0.09996,2114580000,0.09880309424699737,0.10170497800240116,0.10973537477014209,60.6853020739405
2024-08-19,0.1008,0.09872,0.1016,0.09842,2996240000,0.0987951805091881,0.10158792004152269,0.1096257690510362,53.50649350649351
2024-08-20,0.0987,0.0987,0.10036,0.0974,2337060000,0.09878611569878923,0.10147466827518846,0.10951705493112539,46.52087475149105
2024-08-21,0.09864,0.09964,0.1,0.09788,1340610000,0.09886743801319026,0.10140272049969089,0.10941877577758186,51.603206412825664
2024-08-22,0.0997,0.0962,0.0999,0.09592,1917210000,0.09861339629764833,0.10119869224480105,0.10928724567034223,43.776824034334766
2024-08-23,0.09574,0.0938,0.09618,0.09108,3262380000,0.09815497760263421,0.10090854745088727,0.10913314372337365,47.88732394366195
2024-08-26,0.0962,0.09512,0.09648,0.09378,1890110000,0.09786593211666905,0.10068154559006817,0.10899370945746945,49.175824175824175
2024-08-27,0.0954,0.09266,0.09674,0.09236,2405670000,0.09737012905793867,0.10036697517477139,0.10883118498525582,39.733333333333334
2024-08-28,0.09276,0.09266,0.09332,0.0892,4281690000,0.09692154533813499,0.10006474085419212,0.1086702776719697,41.93245778611632
2024-08-29,0.09266,0.0918,0.09328,0.09062,1657320000,0.09643377911545548,0.099740633369714,0.10850241421254711,40.67333939945407
2024-08-30,0.0915,0.08924,0.09212,0.0881,2709090000,0.0957486572949359,0.09932884382580366,0.10831074839948694,31.277533039647608
2024-09-02,0.08824,0.07942,0.0891,0.07762,10200900000,0.09419354707637058,0.09854810485224273,0.1080232782661587,14.121621621621628
2024-09-03,0.0793,0.0776,0.08156,0.07506,13489110000,0.09261320925957339,0.09772661054431164,0.10772055907943077,9.920634920634939
2024-09-04,0.0779,0.08094,0.08168,0.07642,5349390000,0.09150147504437592,0.09706831209159354,0.10745408585475982,19.974795211090097
2024-09-05,0.08112,0.0808,0.08486,0.0801,4673250000,0.09048228694491153,0.0964303390683938,0.10718887107013535,17.98330122029546
2024-09-06,0.08128,0.0806,0.08196,0.0786,2870860000,0.08954111675968186,0.09580954145786855,0.10692430518884048,19.099590723055954
2024-09-09,0.08098,0.0852,0.0852,0.08086,3809840000,0.08912767706828359,0.09539348100854038,0.1067081429481555,30.088495575221245
2024-09-10,0.08548,0.0834,0.08548,0.08122,2491970000,0.08858218401416135,0.09492314841997017,0.10647622112777584,26.63981588032219
2024-09-11,0.08322,0.08086,0.08406,0.0805,2254400000,0.08784673791757455,0.09437165240350076,0.10622133335536016,27.347903130537503
2024-09-12,0.08074,0.0804,0.08132,0.07918,1389540000,0.08713752478256746,0.09382374446610858,0.10596440466525707,29.010025062656624
2024-09-13,0.0805,0.0818,0.08226,0.0785,3873540000,0.08662918908898962,0.0933522250752808,0.10572396282779183,29.187499999999986
2024-09-16,0.08228,0.08376,0.08416,0.08128,3426690000,0.08635593298527633,0.0929760593860541,0.10550541593398295,35.87301587301586
2024-09-17,0.08388,0.08598,0.0868,0.08312,3859540000,0.08632012984382145,0.09270170411601276,0.1053111331883712,40.09489916963226
2024-09-18,0.086,0.08454,0.08878,0.08352,4919220000,0.08615059366821941,0.09238163728793383,0.10510445524619835,39.41690962099125
2024-09-19,0.08452,0.08432,0.08518,0.0836,1986550000,0.08597625141410327,0.09206549464919134,0.10489764474623618,42.30287859824782
2024-09-20,0.08432,0.08654,0.08684,0.0843,2457490000,0.08602994175561723,0.09184880858451717,0.10471498161443285,64.61412151067324
2024-09-23,0.087,0.0875,0.08756,0.0863,1835270000,0.0861699473027013,0.09167826707139885,0.10454368826503552,71.06382978723406
2024-09-24,0.0877,0.08748,0.088,0.08656,1501510000,0.08629471422625357,0.09151362914703028,0.10437390032209985,66.20416253716556
2024-09-25,0.08748,0.08576,0.08778,0.08504,1746250000,0.08624378906184847,0.09128799663146046,0.1041886873835715,61.39705882352945
2024-09-26,0.08576,0.08526,0.08648,0.08416,1622100000,0.08615009486548196,0.09105160460669731,0.10400034223547626,60.562103354487775
2024-09-27,0.08504,0.0863,0.08642,0.085,1204760000,0.08616437154495987,0.09086526717114056,0.10382421942716306,52.97297297297299
2024-09-30,0.0865,0.08552,0.08916,0.08538,2918450000,0.08610300282639227,0.09065564885070368,0.10364208789057439,56.06407322654462
2024-10-01,0.0853,0.0835,0.08552,0.083,3141780000,0.08585509779530728,0.09037503517028392,0.10344166910559356,57.78301886792455
2024-10-02,0.083,0.08242,0.08506,0.08112,3288670000,0.08552794562432564,0.09006307300674338,0.10323249826872198,55.74516496018201
2024-10-03,0.0826,0.0823,0.08296,0.0812,1494830000,0.08522052223153273,0.08975863877118483,0.10302421470385907,51.53374233128835
2024-10-04,0.0828,0.08332,0.08416,0.08198,2004000000,0.0850395201142439,0.08950614313309915,0.10282815286600973,48.56770833333335
2024-10-07,0.08332,0.08234,0.0837,0.08136,1767220000,0.08478242296050638,0.0892251179121933,0.10262429064843749,37.110481586402244
2024-10-08,0.08244,0.08386,0.08396,0.08128,1968360000,0.08469457315474387,0.08901472113132299,0.10243758128875155,47.605633802816904
2024-10-09,0.084,0.08282,0.08462,0.08208,1239930000,0.08451604237810159,0.08877179089087894,0.10224238147493313,45.00665778961385
2024-10-10,0.08328,0.08276,0.08344,0.08242,596330000,0.08434880024685382,0.08853603438535429,0.102048526932894,35.30326594090201
2024-10-11,0.08248,0.08198,0.08298,0.0819,625230000,0.08412320022334394,0.08827893499769335,0.10184884009774084,28.23343848580447
2024-10-14,0.08198,0.0834,0.08378,0.08136,1048060000,0.08405432401159689,0.08808760421347009,0.10166526954950461,35.51136363636368
2024-10-15,0.0834,0.08436,0.0848,0.083,1034220000,0.08408343601049242,0.08794142365607911,0.10149307781269362,44.744744744744764
2024-10-16,0.08446,0.08324,0.0876,0.08284,1951450000,0.08400310877139791,0.08775705410093876,0.10131145514789071,42.75466284074605
2024-10-17,0.0832,0.08234,0.08362,0.08212,727840000,0.0838447174598362,0.08754462060678429,0.10112268444990175,35.65217391304351
2024-10-18,0.08246,0.0827,0.08318,0.0819,773660000,0.08373569674937562,0.08735463548494962,0.1009393741568679,39.46188340807177
2024-10-21,0.08272,0.08306,0.08374,0.08272,865290000,0.0836713446780065,0.08718621840710847,0.10076146993640157,48.12286689419792
2024-10-22,0.08304,0.081,0.08326,0.08076,1189120000,0.08341693089914874,0.08694362160682971,0.10056483839474585,44.40944881889769
2024-10-23,0.08072,0.07876,0.08082,0.07874,1448770000,0.08297341367065839,0.08662269526930698,0.10034787482862897,38.056680161943355
2024-10-24,0.07852,0.07846,0.07954,0.0776,2371720000,0.0825435647496433,0.08630258957247142,0.10013008502933914,32.76595744680854
2024-10-25,0.07786,0.077,0.07958,0.07694,3880740000,0.08201560620205822,0.08593778213825684,0.09989993492954471,31.68724279835395
2024-10-28,0.07698,0.0743,0.07698,0.07386,2413670000,0.08128078656376696,0.08548139852499187,0.09964520920885273,19.670050761421336
2024-10-29,0.07452,0.07666,0.07688,0.07434,2102150000,0.08084071165293201,0.08513546132793337,0.09941650065951091,31.967213114754117
2024-10-30,0.0765,0.07554,0.078,0.0755,1504860000,0.08033588197170038,0.08475916872683795,0.09917892353852076,30.099228224917326
2024-10-31,0.07556,0.07334,0.07594,0.07246,3064490000,0.07966960749820512,0.08431135818853058,0.09892181982171956,27.914110429447874
2024-11-01,0.0733,0.07438,0.07464,0.0726,1393470000,0.07916583535551891,0.0839218931615294,0.09867762260956316,26.4859228362878
2024-11-02,0.07436,0.0733,0.0747,0.0725,1688280000,0.078607184369279,0.0835053483316655,0.09842510895175656,21.347150259067348
2024-11-05,0.07362,0.07348,0.07412,0.073,1193110000,0.07811888109601434,0.08311219741669822,0.0981768989124356,23.420479302832263
2024-11-06,0.0742,0.07504,0.07626,0.07406,2874520000,0.07782565432496535,0.08279564065525907,0.09794668101280939,30.809674027339625
2024-11-07,0.07504,0.0762,0.0765,0.07372,1276470000,0.07767083010354008,0.08253698808054304,0.0977302961271098,33.6024217961655
2024-11-08,0.0766,0.07814,0.07828,0.075,3648210000,0.07771551295082198,0.08236455717542371,0.09753536780743707,38.50467289719627
2024-11-11,0.07848,0.08034,0.0805,0.07808,2230230000,0.07796546409836275,0.08228516277638748,0.0973642696202984,48.467966573816135
2024-11-12,0.08046,0.07818,0.0806,0.07806,1441220000,0.07798589608899487,0.08212417600084287,0.09717338136537006,48.64864864864865
2024-11-13,0.07806,0.0805,0.0825,0.07806,7517420000,0.07822533455670964,0.08206048282433923,0.09700747707317733,54.34412265758092
2024-11-14,0.08,0.08122,0.08276,0.08,4085640000,0.07851054078940398,0.08202752271358082,0.09685038774906612,59.278803869832906
2024-11-15,0.08126,0.08358,0.08382,0.0804,3467050000,0.07899334642850836,0.08208840417579334,0.09671834408987144,70.71428571428572
2024-11-18,0.08148,0.08186,0.08294,0.0807,3658020000,0.0792663610543647,0.08207944714929165,0.09657049987007173,61.94852941176471
2024-11-19,0.0818,0.07772,0.0823,0.07632,4757770000,0.07911908857299664,0.08190848843755472,0.09638293270718544,54.398708635996776
2024-11-20,0.07768,0.07656,0.07852,0.0738,3250470000,0.07887536585175887,0.08169874379294473,0.09618568959567117,56.78180286436395
2024-11-21,0.07656,0.07584,0.0769,0.0731,4400940000,0.0785862833896866,0.08146898913439787,0.09598324492307743,53.11699402220326
2024-11-22,0.07584,0.07484,0.07602,0.07362,1741960000,0.07822949449543073,0.0812090287761862,0.09577286437657916,53.299057412167954
2024-11-25,0.07522,0.07094,0.07538,0.0703,3570470000,0.07753525692443733,0.08080632176535538,0.09552577119870274,45.30672579453067
2024-11-26,0.0703,0.0684,0.0732,0.06794,4589680000,0.0766652324554433,0.08031979934318458,0.09525586302757137,38.15977175463625
2024-11-27,0.0687,0.07106,0.07256,0.0661,5849740000,0.07613140079302012,0.07995666995717735,0.09501510817157563,41.299932295192946
2024-11-28,0.07134,0.07102,0.07254,0.06892,1968060000,0.07564460071749439,0.07960621231179785,0.09477635087633607,37.120115774240226
2024-11-29,0.0705,0.07108,0.073,0.07036,2165470000,0.07520987683963778,0.07927185104466852,0.09454056629050189,31.843137254901976
2024-12-02,0.07186,0.07226,0.0732,0.07144,1183560000,0.0749289361882437,0.07899687649389721,0.09431886911348197,37.928221859706376
2024-12-03,0.07246,0.06828,0.07262,0.0681,3396430000,0.07429570417031572,0.07857660682746988,0.09405977588847221,26.661573720397243
2024-12-04,0.0681,0.06672,0.0695,0.06666,3014700000,0.07357420853504756,0.0781116418538436,0.09378773831744265,23.168023686158406
2024-12-05,0.06702,0.0686,0.06936,0.06552,2877100000,0.07310047438885256,0.07773863629094778,0.09353711405557756,21.778447626224533
2024-12-06,0.069,0.06894,0.07022,0.0676,2269540000,0.07270423873277136,0.07739359173051845,0.09329236665203948,24.324324324324323
2024-12-09,0.0692,0.07148,0.07168,0.0686,3077230000,0.07258764456774552,0.0771616861724589,0.09307532817788983,36.757215619694406
2024-12-10,0.0712,0.06904,0.07144,0.0687,1766260000,0.07224977365653167,0.07684318867549973,0.09283617068358246,34.86312399355879
2024-12-11,0.0688,0.06842,0.06956,0.06742,1976620000,0.07188503330829056,0.07651286755097034,0.09259322371160653,35.004042037186736
2024-12-12,0.0685,0.06678,0.06908,0.06666,1290480000,0.07139883965988195,0.07613118647054014,0.09233637571447612,34.12135539795115
2024-12-13,0.06678,0.0669,0.0675,0.06656,1131020000,0.07097037873989319,0.07576917915796993,0.09208327744866043,40.648148148148145
2024-12-16,0.06678,0.06568,0.06694,0.0653,1691850000,0.07046653314561764,0.07537352507334366,0.09182055827006681,43.293885601577905
2024-12-17,0.06556,0.06548,0.06624,0.06492,1777840000,0.06999162522698739,0.07498554369791842,0.09155846316290198,34.34343434343434
2024-12-18,0.06548,0.0667,0.0675,0.0647,2016600000,0.06967813711013145,0.07466062041564711,0.09131111527073381,38.63157894736841
2024-12-19,0.06672,0.06724,0.07036,0.06622,6652310000,0.06944593357583322,0.07436961569346488,0.0910716016859504,40.14373716632441
2024-12-20,0.0675,0.072,0.0726,0.06654,8047130000,0.06968917799718242,0.07427668958783881,0.09088183450499566,49.43625325238506
2024-12-23,0.0732,0.07432,0.07488,0.07056,8665480000,0.07013020866411743,0.07427838803537454,0.09071704013181163,64.1121495327103
2024-12-24,0.075,0.07374,0.07544,0.07358,5202610000,0.07047399831515386,0.07425727477908535,0.0905481143593558,67.18903036238981
2024-12-25,0.0733,0.0749,0.07526,0.0726,3873350000,0.0708955222851392,0.07428247968970945,0.09039241172891445,65.98984771573605
2024-12-26,0.075,0.07358,0.07534,0.0733,4211590000,0.07115118682941167,0.0742549314665836,0.09022512405001978,61.218568665377205
2024-12-27,0.0736,0.0739,0.07432,0.07276,2814970000,0.07141297855994388,0.07424101258554111,0.09006268500474596,56.55471289274106
2024-12-28,0.07354,0.07498,0.07534,0.07354,2199100000,0.07175269488756829,0.07426999248414734,0.08991260853703704,67.3684210526316
2024-12-30,0.0755,0.07732,0.07776,0.07542,2932320000,0.07228291442208559,0.0743896006220239,0.08978730894960384,73.64505844845915
2025-01-03,0.0782,0.0763,0.0785,0.07582,2235600000,0.07266549400093458,0.07446451824468964,0.0896531068705033,76.1538461538462
2025-01-06,0.07636,0.07654,0.07664,0.07512,1077880000,0.07303449457227415,0.07454590968607436,0.08952262819517492,76.31004366812232
2025-01-08,0.0766,0.07924,0.07936,0.07656,2420030000,0.07362549508920041,0.07472999165916948,0.08942031348676523,84.2424242424243
2025-01-09,0.07936,0.07692,0.07988,0.07684,3023730000,0.07393925746165751,0.07481587433920206,0.0892959322580412,76.09489051094896
2025-01-10,0.07734,0.07816,0.07864,0.07544,3978050000,0.07434123294149965,0.07494701652197845,0.0891851269619413,76.11668185961719
2025-01-13,0.07902,0.07786,0.0798,0.0771,3385360000,0.07467635361373778,0.07506125116817539,0.08907243913147422,74.47004608294937
2025-01-14,0.07808,0.07748,0.07854,0.0771,1595670000,0.07494336755528656,0.07515610406354105,0.08895709147842473,65.81986143187069
2025-01-15,0.07714,0.07798,0.07802,0.076,3116530000,0.07523257064525928,0.07526684508065709,0.08884786668759463,61.806451612903246
2025-01-16,0.0783,0.0775,0.07878,0.07706,3703050000,0.07544851629809173,0.07535441978337643,0.08873495259120065,62.20779220779224
2025-01-17,0.0775,0.08012,0.0802,0.07684,5509320000,0.07589341950779727,0.07554130528206755,0.08864923166989518,65.4804270462634
2025-01-20,0.081,0.0795,0.08188,0.07908,5663060000,0.07623690336419753,0.07569654821218255,0.08855819453885146,68.31683168316835
2025-01-21,0.07954,0.08034,0.08054,0.0781,2523040000,0.07662767447236919,0.0758786443607244,0.08847642145886289,69.3045563549161
2025-01-22,0.08042,0.07912,0.08136,0.0788,3537360000,0.07686503880833404,0.07600575634657836,0.08838332273787919,62.306777645659935
2025-01-23,0.07912,0.07864,0.08052,0.07726,3727600000,0.07703408273134985,0.07610906001926157,0.08828637425292517,54.41176470588237
2025-01-24,0.0787,0.0788,0.0794,0.078,3323450000,0.07720226532836415,0.07621458707732975,0.08819198246931398,58.865248226950335
2025-01-27,0.07938,0.07782,0.07974,0.07742,3196070000,0.07726109720185327,0.07627754444684623,0.08808877866364917,54.31266846361188
2025-01-28,0.07782,0.07852,0.07892,0.07652,2373710000,0.07738099270643868,0.07636548388030324,0.08799356693565268,47.196261682242984
2025-01-29,0.079,0.0797,0.07972,0.07776,1981460000,0.07760185054392071,0.07649624921833056,0.08791104388156658,61.88034188034189
2025-01-30,0.08,0.07956,0.08044,0.0788,3748480000,0.07778834096830921,0.0766163963078078,0.0878279489175709,56.60377358490575
2025-01-31,0.07956,0.07898,0.08058,0.0788,2775420000,0.0779018323046607,0.07670908664867808,0.08773990962485875,55.147058823529406
2025-02-03,0.07882,0.07802,0.079,0.07682,2453210000,0.0779130863708835,0.0767604950153966,0.08764319410620346,52.35602094240845
2025-02-04,0.07802,0.07596,0.0784,0.07562,1734420000,0.07772707814508506,0.0767291030540085,0.08752694341857954,42.24270353302611
2025-02-05,0.07626,0.07786,0.0783,0.0753,2220840000,0.07773973736936268,0.07677345195385131,0.08743075492685239,51.24653739612189
2025-02-06,0.0778,0.07868,0.07892,0.07696,2458690000,0.07782928619132815,0.07684821854389635,0.0873436827385255,44.30379746835443
2025-02-07,0.07868,0.07888,0.07958,0.0779,2113230000,0.07792935417310641,0.07692789624805729,0.08725946698988345,47.4631751227496
2025-02-10,0.07922,0.0781,0.08086,0.07802,3306450000,0.07794560615662009,0.07697386110107467,0.08716832801485974,40.78947368421054
2025-02-11,0.0785,0.079,0.07916,0.0773,2545270000,0.07804602461789438,0.0770533175284835,0.0870870511191895,49.49324324324326
2025-02-12,0.07896,0.08238,0.08278,0.07842,7549380000,0.07845878417809492,0.07726220703717043,0.08704021478964533,62.6865671641791
2025-02-13,0.0828,0.08298,0.0866,0.08104,7427420000,0.07888937616113349,0.07748643421218336,0.08699981464248469,63.768115942029006
2025-02-14,0.0831,0.08182,0.0854,0.08102,6830540000,0.0791684831934065,0.07765637796856834,0.08694827419828086,63.02083333333336
2025-02-17,0.08268,0.08678,0.087,0.0825,6485970000,0.0798933895559392,0.07801416706784017,0.08694659982814872,71.04994903160042
2025-02-18,0.08684,0.08382,0.08758,0.0826,7231440000,0.08026735245537356,0.07824184679066996,0.08691548938209749,59.62616822429911
2025-02-19,0.08408,0.08528,0.08568,0.08296,3213060000,0.08074474745962369,0.07851785279887899,0.08689921585590747,62.58802816901407
2025-02-20,0.085,0.08548,0.08696,0.08446,3784380000,0.0811957238920405,0.0787908781793151,0.08688509430510243,64.54789615040289
2025-02-21,0.08548,0.08546,0.08728,0.0833,10691290000,0.08160184542613187,0.07905241236836158,0.08687091426226559,67.38317757009344
2025-02-24,0.0858,0.0866,0.08756,0.08452,4166720000,0.08207786014745265,0.07934839619705328,0.08686821859796445,75.9765625
2025-02-25,0.0866,0.0868,0.088,0.08552,5996190000,0.08252758775245717,0.07964061595403159,0.0868675398059449,73.80191693290737
2025-02-26,0.08712,0.08342,0.0878,0.08302,5200660000,0.0826125793950803,0.07978882709308917,0.08683323592727878,61.105904404873456
2025-02-27,0.08374,0.08,0.08374,0.0798,4873030000,0.08236376230983455,0.07979710838355626,0.08676524352999243,52.2801302931596
2025-02-28,0.08014,0.08156,0.08264,0.0798,4507420000,0.08228721351842175,0.07986624138812269,0.08671345006203232,56.827150749802676
2025-03-01,0.08274,0.08244,0.08292,0.08206,130960000,0.08230176461190539,0.0799671730983924,0.08667092817086781,56.793048973143755
2025-03-02,0.082,0.08166,0.08242,0.08116,110680000,0.0822406441726763,0.08003355846708289,0.08662106818906815,48.41549295774648
2025-03-03,0.08166,0.0811,0.08176,0.0794,2744690000,0.08213201139432617,0.08007537970366788,0.08656613218718688,45.85537918871253
2025-03-04,0.0809,0.083,0.0838,0.0809,2724120000,0.08221467697581891,0.0801900706956809,0.08653064828482682,52.51921434671221
2025-03-05,0.0831,0.0812,0.084,0.08078,4133310000,0.08211804107335996,0.08022967576643851,0.08647760700836088,36.229022704837114
2025-03-06,0.0812,0.08066,0.08224,0.08002,3064820000,0.08197918001875425,0.08024655122657817,0.08641972037146177,41.143497757847506
2025-03-07,0.08066,0.0806,0.08178,0.0795,3049310000,0.08184782954077766,0.0802604119627908,0.0863618127060741,35.766423357664266
2025-03-10,0.08118,0.08,0.08142,0.07954,3534310000,0.08167184577498932,0.08025019972895588,0.08629851108710819,33.729216152019006
2025-03-11,0.08,0.07958,0.08046,0.07896,2231890000,0.08147262236784748,0.08022391738664389,0.08623166023052006,32.94663573085849
2025-03-12,0.07908,0.07832,0.0798,0.0779,2126580000,0.08117237261852867,0.08014925395971668,0.0861529372431517,26.152073732718904
2025-03-13,0.07836,0.07998,0.08094,0.07682,4260850000,0.08105881332152592,0.08014261654953173,0.08609151498202583,31.880977683315592
2025-03-14,0.0795,0.08044,0.08098,0.07882,1976110000,0.08099987871947584,0.08015427864562852,0.08603528100210517,40.62893081761006
2025-03-15,0.0805,0.08042,0.08098,0.08032,153360000,0.08094465217476386,0.08016469909089799,0.08597940755929816,51.680000000000014
2025-03-16,0.08046,0.08106,0.08112,0.0804,403350000,0.08095563768192922,0.08019980893047061,0.08593045823034992,47.84110535405871
2025-03-17,0.08118,0.08178,0.0825,0.08098,3745260000,0.08103414837888834,0.08026177720770707,0.08588916013850564,47.1103327495622
2025-03-18,0.08156,0.0807,0.08286,0.08038,2625180000,0.08100232472375611,0.08027896241524797,0.08583752670429166,45.904436860068245
2025-03-19,0.08052,0.08146,0.08162,0.07962,2087440000,0.08104591284530316,0.08032527761465001,0.08579396922464697,51.51006711409395
2025-03-20,0.08146,0.08144,0.08264,0.08062,3781930000,0.08108344495527428,0.08036899221799707,0.0857506461477848,42.231075697211146
2025-03-21,0.08128,0.08028,0.08158,0.07976,1541340000,0.0810069263881053,0.08036550232709522,0.0856962118577571,45.10638297872346
2025-03-24,0.08028,0.07964,0.0804,0.0792,1576760000,0.08087674292257147,0.08033705125544442,0.08563595104325206,44.63157894736846
2025-03-25,0.0797,0.07994,0.08034,0.07814,1697370000,0.080787529310898,0.080321480617976,0.08557927491346845,46.611909650923984
2025-03-26,0.0797,0.07938,0.0805,0.079,1297730000,0.08065347890033628,0.08028455980942792,0.08551759058597125,46.804123711340225
2025-03-27,0.07938,0.07796,0.07938,0.07792,1353620000,0.08039695710030426,0.08019340060121506,0.08544239067964317,42.429906542056095
2025-03-28,0.0782,0.07472,0.0782,0.07384,4642220000,0.0798562945193229,0.0799787574403831,0.08533570022511935,35.80441640378548
2025-03-29,0.075,0.075,0.075,0.075,137380000,0.0793937902793874,0.07978351205056416,0.08523285743680971,27.964601769911553
2025-03-30,0.075,0.075,0.075,0.075,28050000,0.07897533406230288,0.07959592334269891,0.08513103795982653,24.90774907749082
2025-03-31,0.07418,0.0757,0.07626,0.0727,2807220000,0.0786633974849407,0.07944314203514209,0.08503719678609692,29.51388888888893
2025-04-01,0.07588,0.07298,0.077,0.0729,3645100000,0.07812212153399396,0.07918968548474437,0.08491722467877257,20.294117647058954
2025-04-02,0.07294,0.07452,0.07492,0.07198,3164500000,0.07777906234028026,0.079006560563774,0.08481376970684448,24.82662968099865
2025-04-03,0.07492,0.07318,0.07536,0.07056,3456140000,0.07734105640311072,0.07877806799264561,0.08469801080428882,24.38692098092649
2025-04-04,0.07334,0.07016,0.0737,0.07,4691120000,0.07665714626948113,0.07844010454195363,0.08455335398036555,16.646989374262105
2025-04-05,0.07014,0.06986,0.07014,0.06898,396760000,0.07600979900572102,0.07810362985403389,0.08440715145319774,16.37630662020908
2025-04-06,0.07012,0.07082,0.07104,0.0698,240700000,0.07551553243374759,0.07781799731073845,0.08427195591635,22.209165687426506
2025-04-07,0.06916,0.06896,0.07018,0.06654,5661740000,0.07489119601148592,0.07747062486718008,0.08411959814603806,20.723684210526287
2025-04-08,0.069,0.0661,0.07022,0.066,6076790000,0.07405393924848726,0.07702471800964361,0.08394029866199788,16.730769230769226
2025-04-09,0.066,0.06892,0.06914,0.06406,7722790000,0.07356499265339324,0.07670688593083407,0.08379084295391831,27.320034692107498
2025-04-10,0.06898,0.06812,0.06952,0.06738,3794370000,0.07304642192449864,0.07637014530609548,0.08363491416830719,28.074866310160388
2025-04-11,0.0678,0.07008,0.07078,0.0678,3929680000,0.07276390555073688,0.07612347294115057,0.08350003940046336,39.035916824196605
2025-04-12,0.07046,0.07098,0.07128,0.07028,350220000,0.07259400978400003,0.07592176811992898,0.08337546189399109,40.771349862258944
2025-04-13,0.0712,0.07122,0.07124,0.0707,183480000,0.07246315170933337,0.07573738505640237,0.08325451202439914,41.41689373297003
2025-04-14,0.0715,0.06888,0.0715,0.06826,2115570000,0.07212189916558734,0.07546846799536698,0.0831114820540071,35.58748943364324
2025-04-15,0.06888,0.069,0.06956,0.06742,1806260000,0.0718245754355314,0.07521480258378398,0.08297106929725082,40.55080721747389
2025-04-16,0.069,0.06874,0.0698,0.0671,4855390000,0.07153080634643316,0.07496088875696892,0.08282946661767619,35.38928210313446
2025-04-17,0.06904,0.07,0.07028,0.0687,2158310000,0.07138501526582049,0.07476634409983289,0.0827018102334207,41.92893401015232
2025-04-18,0.07012,0.06914,0.07016,0.06758,2303810000,0.07117120428812329,0.0745457031547414,0.08256686684801354,47.09236031927022
2025-04-21,0.06914,0.07036,0.07086,0.06914,1660210000,0.07109394673687346,0.07438155793298684,0.08244540548634176,51.354279523293606
2025-04-22,0.0708,0.07116,0.072,0.0697,2354000000,0.07110023752383789,0.07425522232777167,0.08233311289443787,50.92896174863391
2025-04-23,0.07116,0.07026,0.0716,0.06956,2130900000,0.07102021490251999,0.07409854694236886,0.0822129824178763,53.74855824682816
2025-04-24,0.07026,0.07,0.07088,0.06952,1462710000,0.07092305157847047,0.07393781961129559,0.08209146020476311,63.22930800542737
2025-04-25,0.07,0.07114,0.07226,0.06986,3178350000,0.07094371333290185,0.07382810119516636,0.0819824904514819,58.49923430321589
2025-04-26,0.0715,0.07126,0.07214,0.07086,323820000,0.07097383587262548,0.07372739134437553,0.08187579900420348,62.68174474959608
2025-04-27,0.07178,0.07162,0.0718,0.07114,96840000,0.07103537531332782,0.07364474854655688,0.08177375125291789,57.1428571428571
2025-04-28,0.07162,0.0728,0.07306,0.06998,4442080000,0.0712034348072966,0.07361162115257426,0.08168446019567492,58.22784810126579
2025-04-29,0.07268,0.07032,0.07294,0.06966,2172850000,0.07111929815898264,0.07348253797012037,0.08157138098974781,46.616541353383425
2025-04-30,0.07002,0.06964,0.07034,0.06832,2903710000,0.0709784126200319,0.07333185020658624,0.08145266078089461,53.264604810996545
2025-05-02,0.06946,0.06778,0.06946,0.06764,810430000,0.07067380189431459,0.07311413059064169,0.08131661440496532,45.440956651719
2025-05-03,0.068,0.06842,0.0686,0.06766,146340000,0.07045915409485606,0.0729300470380675,0.08118828988352288,48.83720930232558
2025-05-04,0.06832,0.06842,0.06878,0.06826,78810000,0.07026494894296502,0.07275318244833937,0.08106124222299031,43.67999999999995
2025-05-05,0.0683,0.0671,0.06894,0.0663,2327310000,0.06996352523411122,0.07253148901899273,0.08092232438992575,42.12962962962967
2025-05-06,0.06702,0.06736,0.06798,0.06644,2693610000,0.06971557044991016,0.07232868552805184,0.08078737588853345,37.49999999999994
2025-05-07,0.06744,0.06754,0.0679,0.06678,1377430000,0.06950837326420443,0.07214089393871648,0.0806555612030754,34.09490333919152
2025-05-08,0.06756,0.06788,0.06824,0.0675,859840000,0.06935329009618496,0.07197380005876682,0.08052844119110451,39.001848428835416
2025-05-10,0.06798,0.0676,0.0681,0.0669,305110000,0.0691863100870245,0.07180227848783478,0.08039979998522287,38.92988929889289
2025-05-11,0.0679,0.0686,0.06926,0.06782,466860000,0.06913047103111741,0.07167669893929225,0.08028238904009628,38.1308411214953
2025-05-12,0.0689,0.0698,0.07,0.06868,2020780000,0.06919423569482051,0.07160310290245726,0.08017808666158786,43.80305602716466
2025-05-13,0.0698,0.06958,0.0704,0.06902,1505640000,0.06923097515245666,0.07152376553373345,0.08007263306296511,41.23711340206183
2025-05-14,0.0695,0.06814,0.06974,0.06804,1171060000,0.0691270727569846,0.07139106884613605,0.07995390039567193,30.42016806722684
2025-05-15,0.06822,0.06852,0.06896,0.06742,2228180000,0.06906925630393845,0.07127847791099347,0.07984013024248117,40.816326530612216
2025-05-16,0.06854,0.06886,0.07,0.0671,2010970000,0.0690493271321348,0.07118363563997411,0.0797308752151928,45.87737843551801
2025-05-17,0.06884,0.0695,0.06958,0.06884,182950000,0.06909224835764577,0.07111761071291631,0.0796290754618078,60.43689320388353
2025-05-18,0.06952,0.07008,0.07012,0.0695,159270000,0.06918631994263189,0.07107692009672352,0.0795340597855709,60.146699266503745
2025-05-19,0.07,0.06856,0.0701,0.0683,1581520000,0.06912667042428598,0.0709782173478324,0.07942486516083885,50.721649484536094
2025-05-20,0.06836,0.06802,0.0688,0.06744,1461340000,0.06902127324102066,0.070862208824388,0.07931138391545738,55.15695067264569
2025-05-21,0.06804,0.06686,0.06814,0.06658,1508220000,0.06881543769425678,0.07070525945872573,0.0791874895481394,47.454175152749485
2025-05-22,0.06692,0.06682,0.06748,0.06572,2735730000,0.06862539600908947,0.07055289634269728,0.07906442995064547,46.2809917355372
2025-05-23,0.06686,0.067,0.06762,0.06646,1988810000,0.06847059638917619,0.07041356707435621,0.07894438587153457,45.37815126050425
2025-05-26,0.067,0.06516,0.06702,0.06434,2931760000,0.06815530149496893,0.07020754483614616,0.0788072278031611,38.989169675090274
2025-05-27,0.06522,0.06538,0.06588,0.0641,1633690000,0.06789098706687666,0.07001822935237573,0.07867362354641323,34.368932038834956
2025-05-28,0.06538,0.06634,0.06656,0.06536,1973450000,0.0677432740128884,0.06987398506404727,0.07855090092406086,32.80318091451289
2025-05-29,0.06626,0.06504,0.06674,0.06492,1749880000,0.06748581934499427,0.06968441702231994,0.07841646409894583,29.62298025134649
2025-05-30,0.06504,0.06534,0.06562,0.0646,1254230000,0.06728145559785197,0.069514047727327,0.07828635002830955,35.99999999999994
2025-05-31,0.06568,0.06552,0.06578,0.06542,125990000,0.06711369792186607,0.06935741840468672,0.07815932166981891,34.69387755102039
2025-06-01,0.0655,0.06418,0.0655,0.06402,666770000,0.06683429811978359,0.06915438238881665,0.07802022394176102,28.3333333333333
2025-06-02,0.064,0.06542,0.066,0.06338,1515290000,0.06669960306075658,0.06900793602062777,0.07789484857915643,32.10526315789474
2025-06-03,0.06586,0.06742,0.06798,0.06552,2951390000,0.06676821229306547,0.06894566401981883,0.0777906212301101,39.62558502340089
2025-06-04,0.06742,0.06884,0.06978,0.0672,3733500000,0.06696552540801161,0.06894152033276713,0.07770156032234782,51.10062893081762
2025-06-05,0.069,0.06898,0.06968,0.06872,1292110000,0.06715738013105813,0.06894302933932528,0.0776147786275981,53.89610389610391
2025-06-06,0.069,0.06746,0.07022,0.06742,2979670000,0.06718620107095735,0.06888487132601841,0.07751373605418915,52.3659305993691
2025-06-07,0.06818,0.0681,0.06818,0.0676,35340000,0.06727322954038999,0.06885409205833141,0.07742006703872459,54.81927710843371
2025-06-08,0.0676,0.06766,0.0682,0.0672,167050000,0.06731006482225761,0.068807264918789,0.07732295194381192,52.437223042836024
2025-06-09,0.06782,0.06682,0.06818,0.06604,1781880000,0.0672633919820426,0.06872933296118942,0.07721844495929638,56.618819776714574
2025-06-10,0.06682,0.06604,0.06764,0.06574,1211960000,0.06714687845994331,0.06862386892349573,0.07710721665124368,52.51908396946569
2025-06-11,0.06622,0.06556,0.06682,0.06522,1708800000,0.06699574717804395,0.0685037172010057,0.07699231897312185,46.909667194928666
2025-06-13,0.0655,0.0657,0.06618,0.06516,802790000,0.0668723426848969,0.06839376750684861,0.07687995759030472,52.87958115183244
2025-06-14,0.0656,0.06618,0.0662,0.0656,97900000,0.06680640528633529,0.06830695309481534,0.0767734903506002,53.60824742268045
2025-06-15,0.0662,0.06616,0.06638,0.06568,172940000,0.06674484287811289,0.06822275885580296,0.07666788348144,52.78745644599304
2025-06-16,0.06616,0.06514,0.06628,0.06504,896260000,0.066592000699245,0.06810186635165383,0.07655317817316698,54.301075268817215
2025-06-17,0.06534,0.0662,0.0662,0.06506,2224310000,0.0665546672993169,0.06802728335747132,0.07645016147492652,53.55191256830597
2025-06-18,0.06616,0.06702,0.06788,0.0658,2318500000,0.06659898469938196,0.0679877820493352,0.07635632902243969,47.959183673469404
2025-06-19,0.06692,0.06544,0.0673,0.06504,3708440000,0.06648860520420272,0.06788786902779265,0.07624770883316169,32.93172690763049
2025-06-20,0.06564,0.06516,0.06572,0.0648,1929340000,0.06636207137523102,0.06778089377180078,0.07613738337213521,31.089108910891042
2025-06-23,0.0653,0.06498,0.06584,0.06456,1881400000,0.06623044552997093,0.06767105480035761,0.07602636463211397,35.84474885844742
2025-06-24,0.06486,0.0655,0.06562,0.0646,1323390000,0.06616087928902131,0.06758591539642202,0.07592162468552577,34.95370370370378
2025-06-25,0.0655,0.06514,0.06572,0.06486,1741590000,0.0660636526900669,0.06748999714558193,0.07581434483790861,35.28037383177575
2025-06-26,0.06526,0.06532,0.06572,0.065,1036050000,0.06599282862434624,0.06740489921830421,0.07570992349623788,40.50632911392406
2025-06-27,0.06556,0.0658,0.0659,0.06518,905590000,0.06597446399345612,0.067341961994057,0.07561131729229523,48.42105263157893
2025-06-28,0.066,0.0659,0.0661,0.0657,252410000,0.06596737218455553,0.06728541446487829,0.07551468726948632,52.35457063711916
2025-06-29,0.06586,0.06564,0.06594,0.06552,61740000,0.06593619388126452,0.06722088840743208,0.07541643167476507,49.59128065395102
2025-06-30,0.0658,0.06672,0.06692,0.06564,2182780000,0.06601084208304885,0.06720124572478768,0.07532990001630971,53.40050377833753
2025-07-01,0.06692,0.06648,0.06778,0.06626,4338090000,0.06605552378942514,0.06717296157871758,0.07524184130967976,51.96078431372549
2025-07-02,0.0663,0.06536,0.06686,0.06498,2677350000,0.0659892834285275,0.06710186504621884,0.07514351453047897,51.33171912832929
2025-07-03,0.06546,0.06606,0.06758,0.06518,3536430000,0.0659960183400963,0.06706100759342595,0.07505313130131998,49.11392405063291
2025-07-04,0.06608,0.0667,0.06748,0.0657,2847250000,0.06606306421246809,0.06704685043289946,0.07497001556697849,47.927461139896366
2025-07-05,0.06708,0.06678,0.0671,0.06664,48800000,0.06613134381128065,0.06703638571004067,0.07488852287476976,60.77170418006437
2025-07-06,0.06676,0.0672,0.06738,0.06662,172270000,0.06623312059115868,0.06704280195670574,0.07481202015959793,66.03773584905662
2025-07-07,0.0675,0.06634,0.06766,0.06594,1525550000,0.0662432995824769,0.06701524109565846,0.07472772145154223,59.65909090909092
2025-07-08,0.06592,0.06628,0.06732,0.06592,1964520000,0.06624679486033624,0.06698640811151499,0.07464366452167615,55.92705167173257
2025-07-09,0.06602,0.06554,0.06662,0.0647,2235790000,0.06617948106411375,0.06692968622478891,0.0745530807950923,52.8735632183908
2025-07-10,0.06554,0.06514,0.06622,0.0648,1554000000,0.06608048286753149,0.06685950245126777,0.07445941829961876,48.74651810584959
2025-07-11,0.0653,0.06304,0.0653,0.063,4851670000,0.06579091307062374,0.06670971804141414,0.07434579224688623,34.31818181818181
2025-07-12,0.0634,0.0631,0.06348,0.063,131100000,0.06553463563532623,0.06656816047116261,0.07423389381656895,34.01826484018265
2025-07-13,0.06348,0.0629,0.06348,0.06272,164720000,0.06528371795577136,0.06642431104092095,0.07412111875371752,34.25287356321836
2025-07-14,0.06292,0.06436,0.06452,0.06158,2697070000,0.06519574481712646,0.06634335766676719,0.07402399319397904,37.00440528634362
2025-07-15,0.0645,0.06454,0.06508,0.06414,1536330000,0.06513329292978108,0.06627263775826651,0.07392962510249666,39.24611973392462
2025-07-16,0.06454,0.06498,0.06516,0.06424,1737090000,0.06511869360313527,0.06622194608147175,0.07384057410645192,47.7218225419664
2025-07-17,0.06498,0.0643,0.06564,0.06424,1264550000,0.06504072278378906,0.06614657564690424,0.07374564302081558,39.423076923076955
2025-07-18,0.06432,0.06502,0.06556,0.06422,2089080000,0.06503874918533295,0.06610239620977074,0.0736588207022005,40.0
2025-07-19,0.06506,0.06522,0.0656,0.06506,270340000,0.0650560111676822,0.06606779243683855,0.07357485233700449,40.84507042253517
2025-07-20,0.06566,0.0656,0.06594,0.06546,312010000,0.06510781962790294,0.06604944763539392,0.07349550057245718,40.56603773584913
2025-07-21,0.06564,0.06626,0.06632,0.0654,1972340000,0.06521755109191218,0.06605770459086867,0.07342350554188548,49.51690821256041
2025-07-22,0.06632,0.06728,0.06758,0.06508,4272630000,0.06541397479744436,0.06610563774416793,0.07336237613350852,55.411255411255404
2025-07-23,0.06728,0.06752,0.06842,0.06688,4457300000,0.06561454862625918,0.06616110293067115,0.0733042430376527,61.32723112128143
2025-07-24,0.06794,0.06752,0.06832,0.06692,3039320000,0.06579602018566306,0.0662143930118213,0.07324668838056163,64.26858513189443
2025-07-25,0.0676,0.06708,0.0682,0.067,1619970000,0.06591830397750467,0.06624833838390674,0.07318532829717295,80.23952095808383
2025-07-26,0.06726,0.06732,0.06772,0.06712,59560000,0.06605179883678994,0.06629036432963589,0.0731269668215792,80.75801749271136
2025-07-27,0.06732,0.06728,0.06742,0.06704,91280000,0.06616877037614327,0.06632917357161096,0.07306878804723513,82.68656716417918
2025-07-28,0.06728,0.06616,0.06798,0.066,1900760000,0.06616793510222486,0.06632253931390072,0.07300004388756115,64.15094339622638
2025-07-29,0.0665,0.06586,0.0669,0.06532,1614040000,0.06613860794963201,0.06630440051727716,0.0729289986747496,60.1851851851852
2025-07-30,0.06584,0.06572,0.06626,0.0652,1423280000,0.06609874052585754,0.06628148284993296,0.0728572673446526,55.987055016181266
2025-07-31,0.06594,0.0659,0.0662,0.06556,1364800000,0.06607981285672825,0.0662665227381709,0.0727880408039098,64.08450704225355
2025-08-01,0.06574,0.06532,0.06642,0.06466,3040830000,0.06600744972751603,0.0662294041994191,0.0727137319401893,52.7075812274369
2025-08-04,0.06556,0.06646,0.0667,0.06522,2970440000,0.06605054975346689,0.0662384471719909,0.07265150575172971,59.56790123456794
2025-08-05,0.06654,0.06654,0.06696,0.0659,1913350000,0.06609716406266052,0.0662502727730893,0.07259069474922494,57.6051779935275
2025-08-06,0.06654,0.06898,0.0694,0.06642,8807580000,0.06637171986621665,0.06635732089963482,0.07255476743828738,67.0854271356784
2025-08-07,0.06874,0.0698,0.07096,0.06822,5050970000,0.06669822273610078,0.06649232792317855,0.07252735681701089,66.23711340206185
2025-08-08,0.07,0.072,0.07216,0.06946,3317140000,0.06720315390409118,0.06670831506344607,0.07252210948549834,73.04526748971195
2025-08-11,0.07238,0.07556,0.07588,0.07118,11092710000,0.06799904400846345,0.06705543996291878,0.0725523372518118,80.27108433734942
2025-08-12,0.07614,0.07434,0.07614,0.07342,4586860000,0.06860294457908597,0.0673411089839808,0.0725701249408485,75.81792318634425
2025-08-13,0.07422,0.0739,0.07566,0.07324,3847490000,0.06910742604774445,0.06759832039637372,0.07258335752850174,73.0715287517531
2025-08-14,0.0739,0.07372,0.07446,0.0727,3761920000,0.06954671880510212,0.06783838626318259,0.07259466740384005,72.36111111111106
2025-08-15,0.07374,0.07368,0.07428,0.07284,2319770000,0.06994036463318763,0.06806746915482248,0.07260546673315507,78.22822822822823
2025-08-16,0.07244,0.07246,0.07274,0.07202,533110000,0.07018032990621738,0.06823972526639807,0.07260401930297443,73.17415730337076
2025-08-17,0.07244,0.07218,0.07272,0.0719,330890000,0.07037077467705381,0.06839424584418638,0.0725998002054324,72.461752433936
2025-08-18,0.07218,0.07342,0.07368,0.07206,2601170000,0.07066117708876297,0.06859133424245359,0.07260796139741815,74.3523316062176
2025-08-19,0.07346,0.07426,0.07484,0.07318,2446290000,0.07100392212792841,0.06881363486039659,0.07262439959246872,78.47133757961781
2025-08-20,0.07418,0.07278,0.07478,0.0727,2289790000,0.07117307240145905,0.06896917859136142,0.07262594785523023,69.70074812967576
2025-08-21,0.07294,0.07066,0.07316,0.07046,2928690000,0.07112420836322486,0.06903548531326882,0.07260638618502895,61.39380530973449
2025-08-22,0.0705,0.0713,0.07178,0.07046,1201910000,0.07114095042387011,0.06912428981078769,0.07259338731751622,57.12530712530711
2025-08-23,0.07172,0.0722,0.07222,0.07132,169360000,0.07124181228826344,0.06924490589663916,0.07258947301584939,57.33496332518336
2025-08-24,0.07198,0.072,0.07218,0.07168,126170000,0.07131402064176216,0.06935294880265332,0.07258360761270662,50.0
2025-08-25,0.07166,0.0744,0.07454,0.07122,5690460000,0.07160792343778481,0.06955087237901986,0.07260168116879909,45.60606060606059
2025-08-26,0.0745,0.074,0.07474,0.07308,3990840000,0.07183574025323389,0.06972534797199946,0.07261559478901004,48.62681744749594
2025-08-27,0.0739,0.0744,0.07532,0.07344,3595210000,0.0720799554672116,0.06990866765937202,0.07263335006474128,52.0259319286872
2025-08-28,0.07436,0.07242,0.075,0.072,4608810000,0.0721123406608105,0.07000715128057312,0.07263122717852495,45.40311173974543
2025-08-29,0.07242,0.0736,0.07396,0.07086,5150120000,0.07225402250263807,0.07014804730878593,0.0726408667090869,49.738219895287976
2025-08-30,0.074,0.0735,0.074,0.07344,145930000,0.07237268702619634,0.07027949643393158,0.07264941529904623,53.67231638418078
2025-08-31,0.07342,0.07356,0.0737,0.07342,79650000,0.07248576445227288,0.07040814363260094,0.07265847584333433,54.949784791965584
2025-09-01,0.0736,0.07276,0.07456,0.07216,3320990000,0.072511882123485,0.07050037329406757,0.07265948603394792,47.555555555555586
2025-09-02,0.0728,0.07226,0.07358,0.0717,1777560000,0.07248789334981975,0.07056937826292765,0.07265551104853551,42.40121580547112
2025-09-03,0.0718,0.07304,0.07324,0.07126,2167710000,0.07254047493555121,0.07066626538987167,0.0726593368092466,51.04333868378811
2025-09-04,0.073,0.07292,0.0737,0.07222,1503880000,0.07257662017978443,0.07075464713928847,0.07266193047283619,60.80305927342257
2025-09-05,0.07284,0.0731,0.07336,0.07224,3229350000,0.07262646587694782,0.07084662176127716,0.07266628937360399,58.99999999999999
2025-09-06,0.0732,0.07436,0.07522,0.07302,790750000,0.07279156436485755,0.07098440130005061,0.07268314221565768,60.42471042471042
2025-09-07,0.0744,0.0746,0.0748,0.07424,399520000,0.07296379633010922,0.07112618948436236,0.0727022154274422,62.50000000000006
2025-09-08,0.07446,0.07448,0.07574,0.07348,3577970000,0.07310819667962262,0.07125771146536776,0.0727199048261741,50.4926108374385
2025-09-09,0.07448,0.07402,0.0748,0.0735,2683410000,0.07319503509108714,0.07136603650594157,0.07273284109656043,50.1222493887531
2025-09-10,0.0743,0.07232,0.0743,0.07212,2558070000,0.07311169841574551,0.07140344683904191,0.07272873322495287,39.0295358649789
2025-09-11,0.07236,0.07348,0.07392,0.0718,3422520000,0.07314677475710307,0.07148488029633439,0.07273620851624686,56.120092378752915
2025-09-12,0.07348,0.07024,0.07364,0.07,4479890000,0.0728699390659504,0.07143606146118403,0.07271137062056282,34.32835820895524
2025-09-13,0.07082,0.07018,0.07088,0.07004,219060000,0.07261375439300274,0.07138680414898074,0.07268618285319405,34.456928838951356
2025-09-14,0.0701,0.07052,0.07054,0.06962,472420000,0.07241434921271676,0.07135281182941287,0.0726646287949533,36.13138686131385
2025-09-15,0.07026,0.06888,0.07058,0.06848,3439520000,0.07207774452579135,0.07125583881649472,0.07262697079699357,33.559322033898255
2025-09-16,0.06902,0.06718,0.06938,0.06702,3302300000,0.07161129266619218,0.0710960020001616,0.07257277208259563,30.46153846153844
2025-09-17,0.06706,0.06762,0.06798,0.06662,2694090000,0.07123116955512626,0.07095968819623369,0.07252349076834096,28.593996840442344
2025-09-18,0.06766,0.06546,0.06778,0.06514,5887540000,0.07068153435939996,0.07074401414932256,0.07245320727810871,24.625850340136054
2025-09-19,0.06556,0.06496,0.06624,0.06482,3801950000,0.0701366263251714,0.07051719006503541,0.07237864800170962,22.90279627163781
2025-09-22,0.06496,0.06544,0.06556,0.06404,3489410000,0.06968932857991697,0.07031808457228894,0.07230960672806078,18.679775280898866
2025-09-23,0.0655,0.0646,0.06666,0.06428,3768080000,0.06920463061992488,0.07009384596161095,0.07223289422330395,16.30727762803231
2025-09-24,0.0647,0.06752,0.06776,0.0637,9655140000,0.06904418960850346,0.0699929108258615,0.07218599975342033,30.272108843537367
2025-09-25,0.0675,0.06594,0.06776,0.06556,3837920000,0.0687485525029317,0.06983397314641594,0.07212385050214251,28.46481876332618
2025-09-26,0.06628,0.06538,0.06666,0.06488,4267410000,0.06842773797884297,0.069659307532831,0.07205674751207145,30.306469920544785
2025-09-27,0.06538,0.06538,0.06564,0.06496,217290000,0.06813747721895316,0.06949149155115136,0.07199031221344387,25.394896719319476
2025-09-28,0.06538,0.06514,0.0655,0.0649,330220000,0.06785200319810049,0.06932084482365523,0.07192214990286236,31.05497771173843
2025-09-29,0.0652,0.06428,0.06614,0.064,2910480000,0.06751181241732901,0.06912316463449228,0.07184610861029657,29.312762973351965
2025-09-30,0.06428,0.06446,0.06506,0.06378,2565850000,0.06722116361567862,0.06894029543313965,0.07177261499228367,28.51063829787229
2025-10-01,0.06472,0.06448,0.06574,0.06432,1979830000,0.06696010041418542,0.06876538188674203,0.07170005165902711,32.371794871794805
2025-10-02,0.0648,0.06358,0.06484,0.06336,2366600000,0.0666381860890249,0.06856203357745803,0.07161925512510645,34.58904109589032
2025-10-03,0.06356,0.06232,0.06428,0.06218,2829190000,0.06622693027102253,0.06831724794696949,0.0715267252233641,28.799999999999926
2025-10-04,0.06234,0.06212,0.06262,0.06164,514510000,0.06583579405473466,0.06807421861571578,0.07143312596741024,34.15559772296008
2025-10-05,0.0625,0.06272,0.06276,0.06184,149170000,0.06553905176380756,0.06786424925823673,0.07134642819659025,39.473684210526244
2025-10-06,0.06296,0.06382,0.06424,0.0627,2415790000,0.06537533254820684,0.0677056512481098,0.07127153836378836,42.806394316163406
2025-10-07,0.06366,0.06386,0.06476,0.06328,2381260000,0.06523101516266333,0.06755484139524275,0.0711977917134024,46.462715105162495
2025-10-08,0.06404,0.0623,0.06442,0.0616,2168700000,0.0649518708614573,0.0673487691836646,0.07110925647247303,21.318681318681257
2025-10-09,0.06246,0.06306,0.0637,0.06128,2355770000,0.06477169268417565,0.06718058215685423,0.07102916436826931,32.60869565217391
2025-10-10,0.063,0.06154,0.06338,0.06144,2719090000,0.06446391242853987,0.06695938285658544,0.07093474482231638,29.220779220779207
2025-10-11,0.06148,0.0618,0.06214,0.06122,261760000,0.06421020648296465,0.0667570541171115,0.07084385183900975,31.157894736842124
2025-10-12,0.06154,0.06214,0.06262,0.06154,334220000,0.06401304396077753,0.06657599317134241,0.07075724634807433,34.37499999999997
2025-10-13,0.06214,0.06146,0.06268,0.06088,1880740000,0.06376989691689396,0.06637536598815252,0.07066473643416314,35.031847133757935
2025-10-14,0.06194,0.06078,0.06218,0.0607,1601390000,0.06348514482957072,0.06615593987097007,0.07056638084775356,31.451612903225794
2025-10-15,0.06078,0.06248,0.06446,0.06028,4428730000,0.06338941675056399,0.06601178536622615,0.07048591934678089,41.379310344827616
2025-10-16,0.06282,0.06464,0.0648,0.06114,6204250000,0.06350851991717694,0.06595798986166827,0.07042775099507163,54.12130637636083
2025-10-17,0.06482,0.06412,0.06628,0.06358,2800050000,0.06356675611554105,0.06588591182787736,0.07036498730357837,57.4257425742574
2025-10-18,0.0642,0.0651,0.06528,0.0642,528250000,0.06371277934263238,0.0658550917561959,0.07031259937020944,61.550387596899206
2025-10-19,0.0651,0.0648,0.0655,0.06462,327690000,0.06381632416714358,0.06581371560889411,0.07025774763518249,58.25396825396822
2025-10-20,0.0649,0.0651,0.06556,0.06438,1100750000,0.06393857900836801,0.0657857267614865,0.07020642676319061,55.42372881355931
2025-10-21,0.06512,0.06346,0.06532,0.0628,2603200000,0.06389300005519011,0.06569452179044782,0.07013929813868125,48.50746268656718
2025-10-22,0.06346,0.06282,0.06426,0.06222,1392650000,0.06379080957374343,0.06558179544572439,0.07006646930148044,52.08333333333332
2025-10-23,0.0625,0.06308,0.06314,0.06188,1296350000,0.06372311342386311,0.06548368582040186,0.06999695219400302,50.08347245409011
2025-10-24,0.06284,0.06212,0.06382,0.06182,1150480000,0.06357043595492376,0.06535177657254296,0.06991857456023184,52.539404553415075
2025-10-27,0.06214,0.061,0.0625,0.06084,1561620389,0.06332563253064531,0.06518111866773736,0.06982983252480665,46.74267100977199
2025-10-28,0.06144,0.0616,0.062,0.06062,1450150000,0.06316128657534577,0.06504068264155158,0.0697479436439628,47.84688995215313
2025-10-29,0.06176,0.06196,0.06264,0.06132,2373990000,0.06304687833007475,0.06491987155756916,0.06967045166740596,52.045826513911614
2025-10-30,0.062,0.0624,0.0627,0.06166,1072130000,0.06298527087006763,0.06482105306511547,0.06959810886474521,56.761268781302135
2025-10-31,0.06236,0.06272,0.06298,0.06172,1688950000,0.06296000697768023,0.0647386588272678,0.06952966997056866,51.13207547169809
2025-11-01,0.06252,0.06404,0.0642,0.0625,1540350000,0.06306286345599639,0.06471126044188476,0.06947504638877196,46.92622950819671
2025-11-03,0.06404,0.06428,0.06478,0.06384,1367910000,0.06317878122209197,0.0646943482676932,0.06942335438490359,50.84388185654012
2025-11-05,0.064,0.06378,0.06426,0.0634,1512070000,0.06323604015332131,0.0646584914728817,0.0693672016049543,42.66666666666668
2025-11-06,0.06384,0.06306,0.06394,0.06268,2031860000,0.06321927442443356,0.0645958055327687,0.06930444338002938,40.76433121019114
2025-11-07,0.06302,0.06336,0.06366,0.06286,1788140000,0.06323267686020179,0.06454734257069934,0.06924529468968083,40.764331210191045
2025-11-08,0.06338,0.06348,0.0637,0.06328,128350000,0.06325623144494447,0.06450548599929937,0.06918792857336559,50.126582278480974
2025-11-09,0.06348,0.06344,0.06368,0.06326,241900000,0.0632737332120926,0.06446370223462096,0.06913073525422762,54.24657534246573
2025-11-10,0.0635,0.06372,0.06422,0.06342,1970600000,0.06331623481094092,0.06443453744110642,0.06907689709249402,54.371584699453564
2025-11-11,0.0637,0.06392,0.06432,0.06282,1607660000,0.06337373625751798,0.0644143595022395,0.06902558468361349,63.71951219512197
2025-11-12,0.06394,0.06326,0.06418,0.0628,1165540000,0.06336290423299246,0.06436909050215169,0.06896821568178649,68.52459016393439
2025-11-13,0.06342,0.06332,0.06354,0.06306,720130000,0.0633588181155646,0.06432794969814574,0.06891201453072394,65.46762589928053
2025-11-14,0.06344,0.0632,0.06344,0.0622,1600980000,0.06334369258074893,0.06428371637664984,0.06885517856524412,61.654135338345895
2025-11-15,0.06302,0.06308,0.06318,0.06284,98520000,0.06331857900162999,0.06423651181285965,0.06879771410190835,56.799999999999976
2025-11-16,0.06308,0.0633,0.0633,0.06294,41740000,0.06331680957290332,0.06419978585941417,0.0687430104790038,55.91836734693874
2025-11-17,0.06322,0.06256,0.0635,0.06238,903160000,0.06324473247072206,0.06413548053159401,0.06868148798667541,32.87037037037044
2025-11-18,0.063,0.06288,0.0641,0.0623,3637660000,0.063209996044939,0.06408624600094327,0.06862376173805178,34.09090909090911
2025-11-19,0.06288,0.06406,0.065,0.06288,3839340000,0.06329094880256386,0.06408521674600431,0.06857835117349405,52.75590551181105
2025-11-20,0.06424,0.06466,0.0658,0.0635,2663380000,0.06342133463089111,0.06410775726576885,0.06853936260460357,66.12903225806444
2025-11-21,0.06468,0.0641,0.06504,0.0633,2387780000,0.0634859694279491,0.06410745305926811,0.0684951898423687,57.08812260536404
2025-11-24,0.0643,0.06342,0.06502,0.06272,2739710000,0.06347968662528727,0.06408049411576741,0.0684446904409521,49.48096885813157
2025-11-25,0.06336,0.06414,0.06428,0.063,2239160000,0.06354257361335515,0.06408282767985496,0.06840185770024612,55.417956656346796
2025-11-26,0.0641,0.06418,0.06438,0.06382,884780000,0.06360328088827372,0.06408663835907634,0.06835984916591532,53.6977491961415
2025-11-27,0.06424,0.06354,0.06464,0.0631,1377820000,0.06359725413700955,0.06406520156068118,0.06831189046774701,47.1471471471471
2025-11-28,0.06364,0.06498,0.06512,0.06348,2100650000,0.06372894421919911,0.06410107600928193,0.06827873732876445,61.55913978494627
2025-11-29,0.06494,0.065,0.065,0.0647,113380000,0.06384999715070397,0.06413632793048657,0.06824611307673695,61.35135135135139
2025-11-30,0.065,0.06538,0.0655,0.06494,246380000,0.06399571170777979,0.06418509938419298,0.06821759453865997,64.2297650130548
2025-12-01,0.06538,0.06466,0.0655,0.0646,1684950000,0.06405897725941981,0.06420372293775403,0.06818219558802655,59.56416464891045
2025-12-02,0.06468,0.06624,0.06672,0.06452,6680100000,0.06426669371090363,0.06428357694019506,0.06816287025879246,65.28066528066533
2025-12-03,0.06614,0.06912,0.06926,0.06484,7005670000,0.06472891335748424,0.06447324058959918,0.06817239393780945,77.89115646258507
2025-12-04,0.0693,0.0719,0.0724,0.06826,11236730000,0.06541187399010479,0.06476448605667372,0.06820948454539344,81.71589310829822
2025-12-05,0.0719,0.0717,0.07314,0.07068,9117070000,0.06601074313390433,0.06503646699562769,0.0682442160424542,78.85196374622356
2025-12-08,0.07148,0.07018,0.0723,0.07,6155190000,0.06640781521638964,0.06523817417226975,0.06826347757437008,69.49152542372886
2025-12-09,0.07018,0.0707,0.0711,0.06924,3931530000,0.06681659471959062,0.06545236342041603,0.06828772157860521,73.37110481586402
2025-12-10,0.0706,0.07136,0.072,0.06966,3821470000,0.06724929998439151,0.06568403544314483,0.06831829151314646,78.15602836879432
2025-12-11,0.07136,0.07168,0.07308,0.07136,3049010000,0.06767127141444947,0.06591917130811954,0.06835174134883655,77.51824817518246
2025-12-12,0.07204,0.07134,0.0729,0.07104,3691150000,0.06802067413688286,0.06613175282544818,0.06838147526576355,75.5714285714286
2025-12-13,0.07132,0.07182,0.072,0.0713,226770000,0.06838251469527495,0.06635482134209728,0.06841568944222362,79.9132947976879
2025-12-14,0.07164,0.07204,0.0723,0.07164,241660000,0.06873084662905829,0.06657776952476013,0.06845175223384328,77.97147385103017
2025-12-15,0.07186,0.0722,0.07358,0.07172,3068440000,0.06906124218819559,0.06679824915124012,0.06848904823151648,78.21316614420066
2025-12-16,0.07242,0.07394,0.0742,0.072,2121830000,0.06952588578931981,0.0670783178119758,0.06854328655757104,80.31161473087825
2025-12-17,0.07402,0.0733,0.0744,0.07282,2026270000,0.06988532523795601,0.06732230534876106,0.06859061703958526,80.7692307692308
2025-12-18,0.07332,0.07286,0.07364,0.07234,1636680000,0.07016862759624592,0.06753946984488808,0.06863309846207695,75.65891472868216
2025-12-19,0.07286,0.07296,0.07418,0.072,2432060000,0.07043447258707965,0.06775203965489246,0.06867615220872295,68.97233201581025
2025-12-20,0.07298,0.07322,0.07334,0.07286,92800000,0.07069976091211969,0.06796646947234766,0.06872136462455655,58.68421052631572
2025-12-21,0.073,0.07314,0.07348,0.07296,98570000,0.07093216463477495,0.06816935302245167,0.06876533114570525,59.62566844919786
2025-12-22,0.073,0.0708,0.07366,0.07058,2373520000,0.07091957752670115,0.06827251564902219,0.06878557660694203,53.734939759036116
2025-12-23,0.07072,0.07174,0.0719,0.06982,1521120000,0.07099771300034866,0.06840849542749192,0.06881497385463414,55.96330275229358
2025-12-24,0.07152,0.07104,0.07212,0.07074,1236290000,0.0710017403336488,0.06851169168523734,0.06883711341826962,48.17351598173514
2025-12-25,0.07094,0.071,0.07138,0.07034,1058900000,0.071001574587587,0.06860927240346332,0.06885863467778933,45.99056603773585
2025-12-26,0.07116,0.0715,0.07172,0.071,1685220000,0.07104904367448348,0.06872263426999417,0.06888491691980136,50.925925925925895
2025-12-27,0.07168,0.07166,0.07188,0.07138,172490000,0.07110722999119934,0.06883782508293558,0.06891252968676852,49.038461538461576
2025-12-28,0.07152,0.07176,0.0719,0.0713,227610000,0.07116939856346606,0.06895242017772242,0.06894086272471113,48.29268292682926
2025-12-29,0.0719,0.071,0.07324,0.07066,3096120000,0.07115326536694548,0.06903271742565487,0.06896135165282345,43.181818181818166
2025-12-30,0.071,0.07082,0.07148,0.07074,949930000,0.07112152580818877,0.0691028069383743,0.0689798456662282,28.453038674033138
2026-01-05,0.07094,0.07148,0.072,0.06994,1312660000,0.07115566620740889,0.06919603019569295,0.06900472282377816,37.46556473829205
2026-01-06,0.07148,0.07384,0.07506,0.07126,5843380000,0.07141131704479853,0.06937814665860695,0.06905283503448684,55.33769063180832
2026-01-08,0.07354,0.07594,0.0775,0.073,9603880000,0.07184262018338915,0.06963547424062237,0.06912136403911881,63.32737030411446
2026-01-09,0.07602,0.07582,0.07642,0.07518,2486770000,0.07222141826116162,0.06987800466255875,0.06918801713325694,61.7753623188406
2026-01-12,0.07582,0.07806,0.07894,0.07546,5094120000,0.07277747366486051,0.07019886722481135,0.06927629556974195,68.63636363636364
2026-01-13,0.07804,0.07644,0.07848,0.07562,2779340000,0.07312628569677855,0.07044361752972071,0.06934757621083905,72.59615384615375
2026-01-14,0.07676,0.07632,0.07688,0.075,3049110000,0.07343044896375202,0.07067406390110421,0.06941695356197498,69.639794168096
2026-01-15,0.07592,0.07666,0.07688,0.07572,2043010000,0.07373802525291849,0.07090880649321778,0.06948902367578619,74.86725663716804
2026-01-16,0.07668,0.07832,0.0798,0.07658,11933540000,0.07417440380025958,0.07119944153269944,0.0695768940869724,78.32817337461297
2026-01-17,0.07808,0.07782,0.07824,0.07752,332340000,0.0745216034383301,0.07145907127651516,0.06965891504133088,74.45820433436529
2026-01-18,0.07772,0.07884,0.07896,0.0777,518360000,0.07493287930134629,0.07174851946174986,0.06975026912052162,76.05224963715524
2026-01-19,0.07868,0.07728,0.07956,0.0752,4334210000,0.07515641460597998,0.07196544026717143,0.06982519181583982,68.11023622047243
2026-01-20,0.0773,0.0759,0.07748,0.07552,3163450000,0.07522723226255332,0.07211973672728235,0.06988563766841853,65.44766708701135
2026-01-21,0.07594,0.0757,0.076,0.0745,4487600000,0.07527225776135776,0.0722601392085654,0.06994349201997656,65.36523929471036
2026-01-22,0.0758,0.07542,0.07608,0.0743,3661720000,0.07528632845075227,0.07238405531803342,0.06999798463669321,62.70967741935485
2026-01-23,0.07542,0.07438,0.0757,0.0739,3621360000,0.07520001145544253,0.0724623276585027,0.07004158677961168,51.90409026798307
2026-01-24,0.0746,0.074,0.0746,0.07368,474710000,0.07508572465016229,0.07252262853463985,0.07008097397583445,42.21508828250401
2026-01-25,0.07412,0.07486,0.07496,0.07394,627980000,0.07506422706443255,0.0726142901607324,0.07012852647358733,46.36363636363636
2026-01-26,0.075,0.07302,0.07536,0.07254,3738660000,0.07486953877258185,0.0726302003505076,0.07015729735444716,30.31249999999997
2026-01-27,0.07302,0.07478,0.07658,0.07284,5913180000,0.0748610112704312,0.07271450621911515,0.07020329439569645,43.58578052550233
2026-01-28,0.07498,0.07402,0.07584,0.074,4049090000,0.07478091495896157,0.07276570205365966,0.07024127156588852,41.531664212076585
2026-01-29,0.07418,0.0763,0.078,0.07404,5726020000,0.07492558972477475,0.07290430197312399,0.07030155742095431,48.840206185567006
2026-01-30,0.07608,0.07576,0.0771,0.0752,4393310000,0.0750050573700343,0.07301629013104069,0.07035587028243735,41.111111111111086
2026-01-31,0.07578,0.07634,0.07642,0.07574,393560000,0.07513219476336436,0.0731466316945293,0.07041541386171658,44.88950276243096
2026-02-01,0.0764,0.0768,0.07722,0.0764,627220000,0.07529103335732966,0.07328990103984187,0.07047894208199801,42.672413793103445
2026-02-02,0.07678,0.07608,0.07692,0.07562,2941180000,0.07536617303758397,0.07339931668533826,0.07053467400158013,45.41284403669722
2026-02-03,0.07608,0.0762,0.07718,0.07564,2414260000,0.07544558512924264,0.07350914740356031,0.07059104540454948,51.26903553299496
2026-02-04,0.0764,0.07514,0.07748,0.07462,4205490000,0.0754164817836005,0.07357310240734226,0.07063630863435497,47.7917981072555
2026-02-05,0.07516,0.07452,0.07548,0.07352,2039430000,0.07533110256611474,0.07361023564627002,0.07067495232953551,46.54377880184333
2026-02-06,0.07488,0.075,0.07546,0.0738,1461470000,0.07529956898838952,0.07366473620916139,0.07071798762973913,52.4879614767255
2026-02-07,0.07502,0.07668,0.0767,0.07502,1152810000,0.0754310386085429,0.07378298184801782,0.07077731113591089,59.73837209302325
2026-02-08,0.0767,0.07722,0.07722,0.0767,1111230000,0.07560141588391978,0.07391776687358576,0.0708414174927675,58.779761904761905
2026-02-09,0.07796,0.07596,0.07846,0.07444,6567500000,0.07563556675211788,0.07399785444717064,0.07089234866199369,61.430793157076195
2026-02-10,0.07532,0.0744,0.07622,0.07404,3014850000,0.07551789372810665,0.07401362486100709,0.07092725066535693,48.4992101105845
2026-02-11,0.07412,0.07474,0.07528,0.0738,3394010000,0.07544380861114411,0.07404211016057544,0.07096518846968175,52.94117647058822
2026-02-12,0.075,0.07334,0.07502,0.0732,3236190000,0.07524344588627324,0.07401457642878817,0.07098881843515756,36.9718309859155
2026-02-13,0.0737,0.0751,0.07546,0.0732,3130400000,0.07522978437329483,0.07405714205903177,0.07102972571440973,47.37678855325917
2026-02-16,0.0752,0.07486,0.07614,0.0744,5701030000,0.07519456681393343,0.0740886266841678,0.0710678378963559,43.95424836601304
2026-02-17,0.07498,0.07424,0.07522,0.074,3851920000,0.07510365568879691,0.0740945628926318,0.07109940169838222,39.67741935483874
2026-02-18,0.07422,0.07474,0.07524,0.07408,2688110000,0.0750690218136734,0.07411987415174429,0.07113562655710479,44.49917898193763
2026-02-19,0.0746,0.07484,0.07534,0.07442,2720920000,0.07504721021237118,0.07414811438108765,0.07117248599434753,44.4078947368421
2026-02-20,0.075,0.07458,0.0752,0.07434,2711240000,0.07500271400166916,0.0741650510720254,0.07120639160634408,47.53521126760561
2026-02-21,0.07462,0.07484,0.0751,0.07462,207460000,0.07498721743008163,0.07419151965743617,0.07124254691374364,51.45454545454546
2026-02-22,0.0747,0.07496,0.07508,0.07458,152560000,0.07498462529388338,0.07422165614145829,0.07127953649669146,49.812030075187984
2026-02-23,0.07494,0.07514,0.07564,0.07488,344950000,0.0749994228849421,0.07425766962610698,0.07131794906886368,41.5754923413567
2026-02-24,0.07494,0.0742,0.07548,0.07406,1834090000,0.07492328737209047,0.07425540807214201,0.07134662619255659,34.17190775681348
2026-02-25,0.07432,0.07398,0.07498,0.07372,2103980000,0.07483345047951043,0.07424460775558743,0.07137282891700876,38.352941176470644
2026-02-26,0.07404,0.07356,0.0743,0.07296,2109160000,0.07471216948146181,0.07421776039262322,0.07139459181335694,44.29347826086963
2026-02-27,0.0736,0.07384,0.0748,0.0733,2236820000,0.0746291057213226,0.07420294625957917,0.07141892423312454,43.83561643835618
2026-02-28,0.07406,0.07314,0.07408,0.07302,462470000,0.07448728612881568,0.07416126209253684,0.07143604936513326,48.48484848484844
2026-03-01,0.07328,0.0737,0.07426,0.07312,318620000,0.0744123064974999,0.07414317338302559,0.07145857623712198,37.03703703703713
2026-03-02,0.07368,0.07208,0.07398,0.07146,3252470000,0.07419018206916657,0.07406226462290695,0.07146475955814566,29.49852507374645
2026-03-03,0.07208,0.0714,0.0727,0.07116,3594520000,0.07392445044353166,0.0739578620886753,0.07146411518443277,29.239766081871466
2026-03-04,0.07162,0.07258,0.07288,0.0712,2073790000,0.0737964075441477,0.07390382828127627,0.07147521851593096,35.6382978723405
2026-03-05,0.0727,0.07336,0.07352,0.07216,1967010000,0.07375484492089554,0.07388250168201053,0.07149397256054855,40.97560975609752
2026-03-06,0.07336,0.07074,0.07348,0.0705,3278300000,0.0734677168331912,0.0737592663219317,0.07148647034601574,31.818181818181827
2026-03-09,0.07088,0.07162,0.07178,0.0707,1200760000,0.07329174380145871,0.07367537352499319,0.07148779899928923,35.59928443649373
2026-03-10,0.07132,0.07128,0.07248,0.07116,1438780000,0.07310014915370074,0.0735814373083268,0.07148573134755501,33.859649122807014
2026-03-11,0.07144,0.07316,0.0733,0.07122,2969450000,0.07310584923430066,0.07356491035505908,0.07150239073713158,42.44274809160308
2026-03-12,0.07314,0.07408,0.07454,0.07274,3985860000,0.0731986254977006,0.07358510994897832,0.07152803859049346,49.54128440366969
2026-03-13,0.0744,0.07372,0.07474,0.07294,2016610000,0.07324828021220531,0.07359039975490074,0.07154984915178209,49.01664145234489
2026-03-14,0.07382,0.07402,0.07428,0.07346,195050000,0.07332177733485243,0.07360724682333601,0.07157442776718724,51.75572519083969
2026-03-15,0.07402,0.07384,0.07418,0.07344,186280000,0.0733711318743903,0.07361637439889146,0.07159697077447891,50.0
2026-03-16,0.0739,0.07328,0.07422,0.07304,1117300000,0.0733624526482579,0.07360318324599376,0.07161371733393683,50.5443234836703
2026-03-17,0.07344,0.07238,0.0739,0.07186,1841180000,0.0732688857293762,0.07355521527556264,0.07162134203708174,44.99999999999999
2026-03-18,0.07222,0.07292,0.074,0.07196,1656560000,0.07323565851705466,0.0735303048725994,0.07163426400686203,53.46534653465344
2026-03-19,0.07292,0.07118,0.07312,0.07096,1732220000,0.07303988151543041,0.07343813605406609,0.07162974396699276,49.16540212443092
2026-03-20,0.07112,0.0709,0.07202,0.07082,1588920000,0.0728360832758656,0.07333860130684781,0.07162248283299283,43.15960912052117
2026-03-23,0.07068,0.07088,0.07088,0.0699,3516260000,0.07264978963054508,0.07324218556932438,0.07161509494410732,39.23611111111114
2026-03-24,0.07086,0.07006,0.07138,0.0699,1506540000,0.0724031429990646,0.07311739397837048,0.07159962136257392,46.50205761316873
2026-03-25,0.07002,0.07022,0.07066,0.0697,2610470000,0.07219522461820131,0.07300377068510105,0.07158589378682692,42.22222222222226
2026-03-26,0.07048,0.07006,0.07112,0.06962,2247260000,0.07199186989265834,0.07288832869745003,0.07157071076407243,43.08390022675739
2026-03-27,0.07056,0.06826,0.0706,0.06492,8220940000,0.07163645371240517,0.07270682561127552,0.07153776836841003,21.96796338672773
2026-03-28,0.06816,0.06752,0.06816,0.0672,364590000,0.07124441050169991,0.07250342068534314,0.07149779057369948,11.682242990654345
2026-03-29,0.0675,0.0682,0.06822,0.06724,145760000,0.07095446664439516,0.07233465908983949,0.07146497673714526,18.91891891891902
2026-03-30,0.068,0.068,0.06888,0.06702,2894030000,0.07067308886873848,0.07216467245886539,0.07143049935667616,15.717539863325797
2026-03-31,0.06824,0.07246,0.07282,0.0671,10460490000,0.07084327088123958,0.07217625393106675,0.07144074314417191,44.716692189892775
2026-04-01,0.07242,0.07196,0.07266,0.0703,6215080000,0.07094962603540725,0.0721677733847504,0.07144590987905577,44.92307692307691
2026-04-02,0.0718,0.07,0.07212,0.06902,5261440000,0.07085918546060656,0.0720827626637798,0.0714315227160801,41.5362731152205
2026-04-03,0.07028,0.07022,0.071,0.06962,2733200000,0.07079831065483451,0.07200971314755314,0.0714194677636813,40.17467248908299
2026-04-04,0.0704,0.07018,0.07068,0.0699,241100000,0.07073942392580265,0.07193795969078635,0.07140713475110737,45.84717607973427
2026-04-05,0.07014,0.07,0.07018,0.06976,130840000,0.07066900259953574,0.07186196127153983,0.07139313341030033,46.231155778894475
2026-04-06,0.07018,0.07052,0.07074,0.06928,2962420000,0.07065481187577043,0.07180933533932259,0.07138444551567048,48.553054662379424
2026-04-07,0.07052,0.0701,0.07162,0.07,2624720000,0.07060197264950657,0.07174230258091778,0.07137166496327577,50.16611295681062
2026-04-08,0.0702,0.07084,0.07124,0.069,2180770000,0.07062464192098214,0.07170691816597982,0.07136637476463621,52.45641838351821
2026-04-09,0.07064,0.06938,0.07116,0.06918,2036460000,0.07050610459517431,0.07161566647319631,0.07134660984160501,47.55747126436781
2026-04-10,0.06978,0.06924,0.06986,0.06866,1381020000,0.07038552320515772,0.07152250308209057,0.07132564854964875,53.99673735725936
2026-04-11,0.06888,0.069,0.0692,0.0687,205020000,0.07025356861419031,0.07142358139259683,0.0713025077680602,56.29251700680279
2026-04-12,0.06918,0.06934,0.06996,0.06896,379650000,0.07016656207950553,0.07134187231837734,0.07128298032758199,54.99124343257446
2026-04-13,0.06928,0.06792,0.06984,0.06728,2263450000,0.06995260378621929,0.07120768124706843,0.07124951783676027,49.683544303797426
2026-04-14,0.06798,0.06782,0.06934,0.0672,3671820000,0.06974949866372221,0.07107483100208535,0.07121539328117062,21.980676328502355
2026-04-15,0.06804,0.06922,0.06932,0.06742,1912070000,0.06969907021955818,0.07100209253141535,0.07119553862165649,35.07625272331154
2026-04-16,0.06922,0.06944,0.07092,0.0692,2415130000,0.06967439686531454,0.07094083400077161,0.07117807057566986,46.236559139784895
2026-04-17,0.06924,0.0687,0.07012,0.06836,1420670000,0.06958159716385601,0.07085295815760409,0.07115341315700648,40.4522613065326
2026-04-18,0.06884,0.06908,0.06916,0.06862,159600000,0.06953382600539354,0.07078343038671767,0.07113278218031983,43.37349397590358
2026-04-19,0.06912,0.06926,0.06934,0.06904,158910000,0.0695077473382132,0.07072368801861109,0.07111414753175944,45.54216867469876
2026-04-20,0.06908,0.06926,0.0696,0.06822,1170000000,0.06948415235362147,0.07066628848846948,0.07109569830258772,41.902313624678676
2026-04-21,0.06944,0.06924,0.0695,0.06862,1612640000,0.06946089974851467,0.07061035560656873,0.07107723364286048,44.17344173441734
2026-04-22,0.06912,0.0707,0.07088,0.06888,2257730000,0.06957890929627518,0.0706138710729778,0.0710734800742748,49.13580246913579
2026-04-23,0.07068,0.07126,0.07246,0.07046,4414650000,0.0697390131728204,0.07063920946227278,0.07107533599393376,63.05555555555561
2026-04-24,0.07126,0.07012,0.07166,0.06954,2253620000,0.06977529763255179,0.07061884830688954,0.07106583016314835,55.36585365853663
2026-04-25,0.07026,0.06988,0.0703,0.06988,66760000,0.06978526928659447,0.0705898738634821,0.0710540308580424,55.36585365853653
2026-04-26,0.06988,0.07014,0.07036,0.06984,66550000,0.06981905316406167,0.0705722317511887,0.07104493602363403,54.9261083743842
2026-04-27,0.07004,0.07018,0.07092,0.069,1743930000,0.06985342905319866,0.07055685011388718,0.07103632969504066,66.76557863501486
2026-04-28,0.07002,0.06758,0.0704,0.06744,2729420000,0.06963691200051307,0.07044011089373474,0.07100193835479149,48.70129870129868
2026-04-29,0.0676,0.067,0.06862,0.06556,3199040000,0.06938577752427373,0.07030520458417652,0.07096211807265426,36.81710213776728
2026-04-30,0.06702,0.0664,0.06734,0.0657,2409230000,0.06910141776005718,0.07015205930636567,0.07091672386297611,32.727272727272805
2026-05-01,0.0667,0.06604,0.06686,0.06558,304610000,0.06880985416386126,0.06999080207866507,0.0708681992474241,34.20427553444189
2026-05-02,0.06612,0.06634,0.06634,0.0661,67740000,0.06857462995777924,0.0698476333696978,0.07082314253849452,33.57314148681057
2026-05-03,0.06622,0.06644,0.0665,0.06616,81380000,0.06837133186656216,0.06971400068853319,0.07077952917990253,32.92978208232449
2026-05-04,0.06658,0.0654,0.06706,0.06482,2756300000,0.06808834787927052,0.06954482419094365,0.07072600152637117,29.24731182795705
2026-05-05,0.0656,0.0674,0.0677,0.06482,1954200000,0.06802279093838762,0.06946071343835764,0.0706929069838202,41.84397163120572
2026-05-06,0.0673,0.0665,0.0678,0.06606,1640010000,0.06787776322996975,0.06934460702901028,0.0706511865163195,30.410447761194092
2026-05-07,0.0666,0.06798,0.0684,0.066,2402260000,0.06788750006521072,0.06929109302787262,0.07062460754600787,35.91065292096219
2026-05-08,0.06796,0.06964,0.0704,0.06784,7811980000,0.06805440482090493,0.06930477565423056,0.07061481045599785,48.02631578947365
2026-05-11,0.0698,0.06938,0.07114,0.06922,2028400000,0.06818065198081874,0.06930772562857446,0.0706025237847939,47.947454844006565
2026-05-12,0.06928,0.07004,0.07046,0.0692,2030830000,0.06835773274455029,0.06933644227059114,0.0705969265332039,49.60254372019082
2026-05-13,0.0701,0.06922,0.0701,0.06902,1169470000,0.0684398534355455,0.06933187590703856,0.0705832257716795,46.4071856287425
2026-05-14,0.06926,0.06846,0.0699,0.06812,1430080000,0.06844177215596974,0.06929768469499782,0.07056209914708567,53.81944444444441
2026-05-15,0.06834,0.06766,0.069,0.06716,1847120000,0.068367317664925,0.06923346176578221,0.07053322253865696,52.81090289608175
2026-05-16,0.06786,0.06788,0.06792,0.06754,90320000,0.06832090645874167,0.06918038483379076,0.07050682231439172,56.514084507042234
2026-05-17,0.06764,0.06768,0.06794,0.06764,70140000,0.06825986774838533,0.06912154621285778,0.0704786947291739,57.321428571428584
2026-05-18,0.06756,0.06786,0.06802,0.06636,2150520000,0.06822178510568196,0.06907207381235356,0.07045263806520202,56.85920577617332
2026-05-19,0.068,0.06794,0.0687,0.06778,1043180000,0.06819494842895034,0.06902767876088871,0.07042763669141892,56.781193490054264
2026-05-20,0.068,0.06716,0.0685,0.06682,1480090000,0.06809638191190745,0.06895443645654013,0.07039512289349437,58.148148148148145
2026-05-21,0.06728,0.06694,0.06776,0.06676,919510000,0.06798625030124959,0.06887543894844053,0.0703607435612208,47.45011086474499
2026-05-22,0.06694,0.06534,0.06838,0.0636,6605540000,0.06773422646303535,0.06873679428379581,0.07031078591384547,44.03292181069954
2026-05-23,0.06536,0.06548,0.0656,0.0651,374180000,0.06751953822846056,0.06860907686090185,0.07026271839231467,35.08353221957039
2026-05-24,0.06532,0.06564,0.06568,0.0651,70930000,0.0673405345876548,0.06849264247419982,0.0702167211943812,20.93023255813965
2026-05-25,0.06574,0.06456,0.06618,0.0642,3196920000,0.06707572176978291,0.0683384212007018,0.07016043541135253,18.70129870129881
2026-05-26,0.0645,0.0632,0.0648,0.0617,6455920000,0.06670660541075597,0.0681369144869488,0.07009117734755799,9.285714285714306
2026-05-27,0.06276,0.05802,0.06316,0.05694,16657640000,0.06587930965735064,0.06774017274236256,0.06997106613016935,6.11285266457682
2026-05-28,0.0585,0.05862,0.05942,0.05764,5746970000,0.06518794683284106,0.06738251890932874,0.06985812019852587,10.952380952380963
2026-05-29,0.05876,0.05814,0.05902,0.0572,3505510000,0.0645167138011419,0.06702006718739428,0.06974152198759527,11.237785016286637
2026-05-30,0.05832,0.05826,0.0584,0.05796,204090000,0.06392083629627125,0.0666765351408298,0.06962727798771871,10.509031198686387
2026-05-31,0.05814,0.05826,0.0591,0.0569,558040000,0.06338170902995971,0.06634647493922863,0.06951417074405983,10.684474123539246
2026-06-01,0.05826,0.05778,0.0591,0.0568,2578730000,0.06284821293186832,0.06601053474553338,0.0693974128262085,8.957654723127064
2026-06-02,0.0577,0.05892,0.05892,0.05722,1917280000,0.06247409741454753,0.06573247455943404,0.06929315996226612,16.191904047976053
2026-06-03,0.05906,0.05816,0.05942,0.05776,2793100000,0.06206323099411443,0.06543551477278957,0.0691823822511988,16.216216216216267
2026-06-04,0.05838,0.05688,0.05856,0.05628,3510360000,0.06156958994705591,0.06510000438954293,0.06905997048750528,15.020862308762204
2026-06-05,0.05688,0.05528,0.05766,0.0552,3039330000,0.06097058138066963,0.06471490617818831,0.06892285635330125,15.020862308762233
2026-06-06,0.05508,0.05512,0.0554,0.05488,640400000,0.06041338315393919,0.06433863534767112,0.06878551449903955,14.027777777777828
2026-06-07,0.05516,0.05566,0.05572,0.05516,322750000,0.05996067999642117,0.06399829670658598,0.06865491236472075,16.2381596752368
2026-06-08,0.0555,0.0526,0.05596,0.0522,5181410000,0.05925966285390487,0.06355130467887674,0.06849516199293249,14.319809069212411
2026-06-09,0.05274,0.054,0.05624,0.0502,8894170000,0.0587587425821044,0.06317674371107765,0.06835093152534112,22.619047619047606
2026-06-10,0.05416,0.05334,0.05416,0.05204,3062830000,0.05824267185999922,0.06279098905574126,0.06820156902260141,30.9446254071661
2026-06-11,0.05366,0.05248,0.05382,0.0522,1570590000,0.057693845968570724,0.06238663654375141,0.06804513549998846,25.518341307815007
2026-06-12,0.05248,0.053,0.05306,0.05248,160660000,0.05724681301918304,0.062018533149878805,0.06789543265919255,29.570747217806044
2026-06-13,0.05326,0.05322,0.05342,0.05294,105810000,0.056863307017356084,0.06167349263419729,0.06774940845362845,30.126182965299705
2026-06-14,0.05328,0.05386,0.054,0.05318,326740000,0.05657727777760788,0.06136708115834641,0.06761120538443813,33.48348348348348
2026-06-15,0.05384,0.05454,0.0554,0.05384,2610700000,0.05638325132259761,0.061099352485470076,0.06748114363931934,38.01775147928994
2026-06-16,0.05452,0.05358,0.0558,0.053,3725820000,0.056116275006159747,0.060804475917412434,0.06734282380211218,29.985007496251868
2026-06-17,0.05358,0.05266,0.05382,0.05236,1793640000,0.05578710595795405,0.060485084704964893,0.06719672605283743,29.629629629629605
2026-06-18,0.05266,0.05198,0.0529,0.05136,2390360000,0.05542452443814891,0.06015155197143686,0.06704531584335646,31.00775193798448
2026-06-19,0.05198,0.05186,0.0532,0.05152,4136400000,0.05508504592022997,0.0598263930705962,0.06689421817327332,35.02626970227669
2026-06-22,0.05186,0.04864,0.05206,0.048,6788130000,0.054471232023065204,0.059387710989396346,0.06671258416159896,27.624309392265175
2026-06-23,0.04864,0.04944,0.04998,0.04768,3726620000,0.05399206706848757,0.05899760467608669,0.06654071765252834,28.900949796472162
2026-06-24,0.04944,0.04794,0.05006,0.0464,4070150000,0.05341567972863161,0.05856397312016172,0.06635563588484149,32.32169954476478
2026-06-25,0.0479,0.046,0.04866,0.04542,4351170000,0.05270942451638098,0.05807126829192009,0.0661530922441963,20.845481049562665
2026-06-26,0.046,0.0454,0.04706,0.04412,10036490000,0.05201328884815422,0.05757435580988401,0.0659465938139058,20.937042459736446
2026-06-27,0.0454,0.04558,0.04584,0.04524,164630000,0.05140059467213953,0.05710398891537875,0.06574394113914057,23.42064714946069
2026-06-28,0.0459,0.04568,0.0459,0.0454,101700000,0.050855776131935766,0.05665598935006978,0.06554429993377599,20.859872611464937
2026-06-29,0.0454,0.04652,0.0468,0.04468,4850320000,0.05044284507175141,0.05625849957163567,0.065355003417022,24.582701062215406
2026-06-30,0.04594,0.04682,0.0483,0.04594,3500270000,0.05009781220777509,0.05588836233353231,0.06517057552232527,22.585669781931443
2026-07-01,0.04674,0.04698,0.04754,0.04664,1658170000,0.04980087771179651,0.05553901479104085,0.06498957477085936,19.318181818181785
2026-07-02,0.0472,0.04526,0.0472,0.04482,2104250000,0.04936841316781589,0.05513591617178435,0.06479326059403488,18.195718654434216
2026-07-03,0.04502,0.04588,0.04588,0.04466,2562310000,0.049036183342309615,0.054772939067008496,0.06460506894633306,23.474178403755815
2026-07-04,0.04566,0.04582,0.04584,0.04516,219810000,0.04872988016685155,0.05442184341732189,0.06441815283741432,24.671052631578902
2026-07-05,0.04582,0.04606,0.04642,0.0458,352370000,0.048475605865246636,0.05409392798919162,0.06423548464997737,26.384364820846827
2026-07-06,0.0458,0.04316,0.04624,0.04234,4630600000,0.0479693576876041,0.0536651464994194,0.06402577833505223,27.090301003344422
2026-07-07,0.0434,0.0437,0.04374,0.0407,6082610000,0.04756275219354657,0.05327435644061864,0.0638235317844547,25.470085470085465
2026-07-08,0.04398,0.04452,0.04476,0.04304,2750420000,0.04727296627035166,0.0529310483449081,0.0636314568413258,34.48275862068961
2026-07-09,0.04468,0.04378,0.0453,0.04362,2148140000,0.04694030281603245,0.05257218370393132,0.06343392990758126,38.69653767820772
2026-07-10,0.0437,0.04368,0.04424,0.04334,1197990000,0.046629797785934124,0.05222347061750264,0.06323737339108791,40.772532188841154
2026-07-11,0.04392,0.04352,0.04392,0.04342,101410000,0.04633362656822611,0.05188215804426725,0.06304118062102734,38.92473118279568
2026-07-12,0.04354,0.04426,0.04438,0.04354,218420000,0.04613613832363314,0.051583249885668536,0.06285430320191264,42.857142857142854
2026-07-13,0.0443,0.04514,0.0458,0.0434,3053540000,0.04604126800709665,0.05133057341956389,0.06267804147851053,43.08617234468937
2026-07-14,0.04474,0.04568,0.04758,0.04474,5789970000,0.04600686153023031,0.05110898230507119,0.06250890673743083,44.42270058708413
2026-07-15,0.0457,0.04352,0.04636,0.04322,3641650000,0.045770017574970276,0.05081137515585271,0.06231996239178476,35.842880523731566
2026-07-16,0.04352,0.04026,0.04352,0.04006,4360540000,0.045245253996401676,0.050397595737976135,0.06210046027843367,31.831395348837177
2026-07-17,0.04026,0.04006,0.04156,0.0395,3747290000,0.04475142028245866,0.04999219982668295,0.061881152215961695,28.185907046476743
2026-07-18,0.04022,0.04066,0.04068,0.03972,414390000,0.04436176120793879,0.04962623120602872,0.06166999647251929,31.41210374639769
2026-07-19,0.04068,0.0413,0.0413,0.04038,188770000,0.044070164902420814,0.04929971233520407,0.06146730994045443,33.33333333333336
2026-07-20,0.04128,0.0433,0.04364,0.03982,5211110000,0.04399681586409502,0.0490644294985294,0.06128654068731558,50.52316890881914
2026-07-21,0.04348,0.04578,0.04618,0.04258,6096480000,0.0441666429246574,0.048935628341724324,0.06113224675012836,56.78851174934726
2026-07-22,0.0457,0.04786,0.04794,0.0444,4969490000,0.044518391217547165,0.04889344683812729,0.06100018459341067,60.07237635705671
2026-07-23,0.04786,0.04666,0.04788,0.04586,2211940000,0.04472235395873315,0.048805860687612494,0.06085749618949613,58.45070422535212
2026-07-24,0.04642,0.05116,0.05234,0.04564,8686550000,0.04533546310552047,0.048898179876333575,0.06076100369009817,67.44402985074629
2026-07-25,0.0507,0.05174,0.05206,0.0507,564120000,0.04594541900023281,0.04900962380275187,0.060671242459350926,68.80146386093321
2026-07-26,0.0514,0.05102,0.05172,0.0508,495050000,0.04642871242878206,0.04908846208499689,0.06057521019607381,65.47619047619048
2026-07-27,0.05106,0.05192,0.05314,0.05066,3956820000,0.04695169219746948,0.049199502787546034,0.060489088701585515,65.5077767612077
2026-07-28,0.052,0.05026,0.054,0.04964,6568750000,0.04726676913104382,0.04924109091352462,0.06038730672445532,59.965187119234116
2026-07-29,0.05026,0.05218,0.0524,0.05022,2845170000,0.04773469588046822,0.049356342250249145,0.0603056419809284,69.04133685136323
2026-07-30,0.05218,0.05088,0.05298,0.05056,3964570000,0.04803424865375696,0.049416093534553104,0.0602118544985311,75.55341674687202
2026-07-31,0.05178,0.05186,0.05234,0.05032,2355430000,0.048398605924827726,0.04951193300378632,0.06012875146869497,77.36549165120596
2026-08-03,0.05188,0.05486,0.0549,0.05182,3911370000,0.049013976789129846,0.04972166112128489,0.06007632608094677,79.63272120200335
2026-08-04,0.055,0.054,0.05514,0.0526,3431410000,0.04948883614254605,0.04988943911652862,0.06001586512491745,76.26137303556659
2026-08-05,0.0542,0.05406,0.05522,0.05336,3143520000,0.049924185081351186,0.05005299052372358,0.059956602785366034,74.1906474820144
2026-08-06,0.05428,0.0531,0.0549,0.05224,3605850000,0.05022664364503202,0.050172481091420695,0.05988837788202906,67.66409266409269
2026-08-07,0.0533,0.05134,0.05362,0.051,2642280000,0.0503326775836004,0.0502182661466591,0.059803319395640715,58.52941176470588
2026-08-08,0.05134,0.052,0.0524,0.05102,482990000,0.050491470194686076,0.05028813806247639,0.059725674426529866,63.4441087613293
2026-08-09,0.05234,0.05282,0.05282,0.05198,378210000,0.05071323493804931,0.05038742676590869,0.059656961248156434,55.12978986402967
2026-08-10,0.05282,0.05328,0.05338,0.05208,2155160000,0.05095768875347318,0.05050086101038286,0.05959350889742851,54.794520547945204
2026-08-11,0.05316,0.05356,0.05416,0.05268,2528330000,0.05120552791980907,0.05062082724526981,0.05953347398302623,58.13060179257363
2026-08-12,0.05344,0.05134,0.0538,0.05124,4128410000,0.051218334784589155,0.05064903009839648,0.059451946878717514,48.288075560802824
2026-08-13,0.05124,0.0497,0.05172,0.04962,4579580000,0.05107373147177114,0.0506118132317927,0.05935491258141685,48.34515366430261
2026-08-14,0.04954,0.04892,0.05066,0.04772,4357430000,0.05086861418874532,0.05054546761485965,0.059251082605482355,39.67046894803549
2026-08-17,0.05014,0.04812,0.0502,0.04766,2827070000,0.05060684140886482,0.050450351237806335,0.059140325564631786,40.96858638743456
2026-08-18,0.04824,0.05126,0.05256,0.04824,4558950000,0.05066904698897293,0.05048210216965707,0.05906191436498371,48.27981651376146
2026-08-19,0.05138,0.0517,0.05254,0.05044,2655470000,0.05076723299002313,0.0505298628688862,0.05898866148573014,39.38172043010754
2026-08-20,0.0518,0.05042,0.0527,0.0497,3406290000,0.0507341631814495,0.050525554521086743,0.0589034011724393,38.30065359477125
2026-08-21,0.05048,0.05098,0.05116,0.04944,1772190000,0.05075757621178764,0.05054337591241667,0.05882456135977822,40.253164556962034
2026-08-22,0.05084,0.05044,0.05088,0.05038,166970000,0.050727330858284056,0.050539321955067,0.05874113288853665,41.352405721716515
2026-08-23,0.0504,0.05014,0.0505,0.05004,85010000,0.05067139458606653,0.05052366227055457,0.058655549476710415,45.689655172413794
2026-08-24,0.05022,0.0484,0.05022,0.0475,2656910000,0.05045507129215543,0.05044038139719949,0.05855350420828544,38.000000000000014
2026-08-25,0.0485,0.04774,0.04922,0.047,4536130000,0.05019649307385491,0.05033448408750539,0.05844590715148658,32.884097035040426
2026-08-26,0.04774,0.04554,0.04816,0.0452,4628120000,0.04975301754301159,0.050146465103681655,0.058317490164904624,26.65862484921591
2026-08-27,0.0457,0.046,0.0466,0.04502,2389360000,0.04939558730082001,0.049983858629027475,0.05819492807371155,27.446300715990446
2026-08-28,0.04602,0.04636,0.0473,0.04592,3119580000,0.04910648374836096,0.04984174652592836,0.058077167595366165,33.28859060402685
2026-08-29,0.04632,0.04716,0.04728,0.04628,392360000,0.048921104343755156,0.049736579995499804,0.05796853906207894,40.96728307254623
2026-08-30,0.04684,0.04764,0.04764,0.04676,620750000,0.04879909440625466,0.049654361172146874,0.05786576752912293,45.348837209302346
