begin,open,close,high,low,volume,ema_20,ema_50,ema_200,rsi_14
2026-01-15 11:00:00,2772.3,2775.25,2779.25,2771.55,10941,2775.25,2775.25,2775.25,
2026-01-15 12:00:00,2775.25,2771.6,2776.0,2770.75,13236,2774.902380952381,2775.106862745098,2775.2136815920403,
2026-01-15 13:00:00,2771.8,2783.6,2790.0,2771.8,34813,2775.7307256235827,2775.4399269511728,2775.2971275463483,
2026-01-15 14:00:00,2783.6,2792.05,2794.35,2783.0,13424,2777.2849422308605,2776.0913023648523,2775.4638227946434,
2026-01-15 15:00:00,2792.4,2788.35,2794.0,2787.35,5158,2778.338757256493,2776.5720356054467,2775.5920434633535,
2026-01-15 16:00:00,2789.05,2790.3,2793.6,2783.65,11199,2779.477923232065,2777.1103871503315,2775.738391289589,
2026-01-15 17:00:00,2789.95,2785.4,2795.5,2781.0,15690,2780.041930543297,2777.4354700071813,2775.8345266996425,
2026-01-15 18:00:00,2785.5,2781.65,2787.7,2778.35,8921,2780.1950800153636,2777.6007456931743,2775.8923921056166,
2026-01-15 19:00:00,2782.3,2784.3,2792.45,2779.0,10081,2780.5860247758055,2777.863461548344,2775.9760498956102,
2026-01-15 20:00:00,2784.55,2787.2,2790.4,2784.25,5649,2781.2159271781097,2778.229600311154,2776.087730991176,
2026-01-15 21:00:00,2786.7,2787.7,2789.5,2786.55,2244,2781.833457923052,2778.6009885342464,2776.203275956438,
2026-01-15 22:00:00,2787.8,2792.7,2797.2,2787.8,10193,2782.868366692285,2779.153890944668,2776.367422464334,
2026-01-15 23:00:00,2792.65,2793.0,2794.0,2789.15,2708,2783.8332841501624,2779.6968756135047,2776.532920748271,
2026-01-16 08:00:00,2792.0,2792.0,2792.0,2792.0,13,2784.6110666120517,2780.179351079642,2776.686822034358,
2026-01-16 09:00:00,2790.3,2789.9,2794.5,2786.9,11189,2785.114774553761,2780.5605529980876,2776.8182964419766,63.859981078523994
2026-01-16 10:00:00,2790.35,2802.0,2802.4,2787.6,30503,2786.7228912629266,2781.4013156256137,2777.0688606564845,74.79608482871107
2026-01-16 11:00:00,2801.95,2805.25,2809.5,2801.85,23879,2788.4873778093142,2782.3365581500993,2777.349270003186,70.59942911512829
2026-01-16 12:00:00,2805.5,2806.5,2808.2,2803.2,8270,2790.2028656369985,2783.2841441049973,2777.6393270180797,65.93164277838997
2026-01-16 13:00:00,2806.4,2804.65,2809.85,2802.8,10214,2791.5787831953794,2784.122020806762,2777.9080899333226,68.73563218390825
2026-01-16 14:00:00,2804.7,2807.0,2807.1,2802.6,5673,2793.0474705101055,2785.0191964613987,2778.1975616752798,69.02050113895211
2026-01-16 15:00:00,2807.0,2802.4,2807.2,2802.4,2633,2793.9381876043813,2785.7007966001675,2778.438381957118,69.49541284403693
2026-01-16 16:00:00,2802.45,2815.85,2819.8,2801.3,29475,2796.0250268801547,2786.8831183021216,2778.8106368630174,82.08255159474699
2026-01-16 17:00:00,2815.85,2816.55,2821.95,2815.3,17189,2797.979786224902,2788.0465254275286,2779.1861529141315,81.40214216163616
2026-01-16 18:00:00,2816.35,2818.1,2819.45,2812.4,8176,2799.8959970606256,2789.2250930578216,2779.5733553726973,80.90000000000038
2026-01-16 19:00:00,2817.85,2816.1,2820.2,2815.5,6341,2801.4392354358038,2790.2790109771227,2779.936804572969,77.57281553398091
2026-01-16 20:00:00,2816.1,2816.8,2818.5,2815.85,2054,2802.902165394298,2791.3190497623336,2780.303602537417,75.52966101694963
2026-01-16 21:00:00,2817.05,2819.75,2820.3,2817.0,2298,2804.5067210710313,2792.43398898734,2780.6961040047067,76.83049147442357
2026-01-16 22:00:00,2819.6,2817.8,2822.4,2817.0,4211,2805.7727476356954,2793.4287345172484,2781.065296999685,75.39370078740211
2026-01-16 23:00:00,2817.7,2818.8,2820.0,2811.45,5895,2807.013438337058,2794.423686104807,2781.4407666812804,79.07444668008094
2026-01-17 09:00:00,2818.8,2818.8,2818.8,2818.8,2,2808.135968019243,2795.37961998305,2781.8125003461437,72.34042553191546
2026-01-17 10:00:00,2817.55,2817.0,2820.25,2815.2,2769,2808.98016154122,2796.2274780229304,2782.1626247208087,66.25172890733073
2026-01-17 11:00:00,2817.0,2819.5,2819.5,2816.7,1405,2809.9820509182464,2797.1401259435997,2782.534140892741,67.3796791443852
2026-01-17 12:00:00,2819.55,2818.75,2821.2,2817.05,2453,2810.817093687937,2797.9875719850274,2782.8944976997786,69.4214876033058
2026-01-17 13:00:00,2818.0,2819.1,2820.0,2817.5,324,2811.605941908133,2798.8155103385557,2783.25475145401,67.63848396501459
2026-01-17 14:00:00,2818.95,2817.7,2819.8,2816.05,1116,2812.1863283930725,2799.556078560573,2783.5974902455127,74.59807073954947
2026-01-17 15:00:00,2817.7,2817.9,2818.2,2817.2,122,2812.7304875937325,2800.275448028786,2783.9388087505326,55.7422969187679
2026-01-17 16:00:00,2817.25,2818.0,2818.1,2817.15,87,2813.232345918139,2800.970528498245,2784.2777260763983,54.20289855072411
2026-01-17 17:00:00,2818.0,2816.85,2818.0,2816.0,285,2813.576884402126,2801.593252870863,2784.6018283044937,46.290801186943696
2026-01-17 18:00:00,2816.3,2816.95,2818.35,2816.0,364,2813.8981335066856,2802.1954782484763,2784.923700659673,52.84280936454814
2026-01-18 10:00:00,2817.15,2819.55,2820.4,2816.25,1195,2814.436406506049,2802.8760477289284,2785.268240951617,58.160237388723864
2026-01-18 11:00:00,2819.6,2818.1,2819.6,2817.7,484,2814.78532017214,2803.473065465049,2785.594925121253,44.62540716612377
2026-01-18 12:00:00,2818.2,2817.4,2818.8,2817.35,597,2815.0343372986026,2804.0192197605375,2785.9113935280066,48.58156028368771
2026-01-18 13:00:00,2817.4,2818.3,2818.7,2817.4,385,2815.3453527939737,2804.5792503581633,2786.2336682192704,48.21428571428583
2026-01-18 14:00:00,2818.7,2819.0,2819.0,2817.55,396,2815.693414432643,2805.144769951961,2786.5597013713173,50.68027210884289
2026-01-18 15:00:00,2819.0,2820.75,2821.0,2818.6,1409,2816.1749940104864,2805.7567397577664,2786.899903347722,62.79863481228622
2026-01-18 16:00:00,2820.6,2820.75,2820.75,2819.9,404,2816.6107088666304,2806.3447107476577,2787.2367202298346,55.14403292181047
2026-01-18 17:00:00,2820.75,2825.3,2827.95,2820.65,2681,2817.4382604031416,2807.0880554242203,2787.6154593320252,70.53291536050119
2026-01-18 18:00:00,2825.3,2824.95,2828.3,2822.5,1183,2818.153664174271,2807.788523838957,2787.9869472988707,68.33855799372876
2026-01-19 08:00:00,2828.0,2828.0,2828.0,2828.0,9,2819.091410443388,2808.5811307472336,2788.3850871267427,79.26136363636203
2026-01-19 09:00:00,2826.6,2816.45,2826.6,2813.6,17103,2818.8398475440176,2808.889713855185,2788.6643399911536,47.49568221070775
2026-01-19 10:00:00,2816.0,2818.0,2822.25,2807.9,23499,2818.759862063635,2809.2469799785113,2788.9562371056695,50.0
2026-01-19 11:00:00,2817.9,2830.25,2834.35,2817.7,34233,2819.854160914718,2810.070627822491,2789.3671203185486,66.1445783132526
2026-01-19 12:00:00,2830.35,2829.35,2830.7,2825.8,7546,2820.7585265418875,2810.826681633374,2789.764959917369,64.65721040189082
2026-01-19 13:00:00,2829.45,2827.7,2829.7,2823.4,7127,2821.419619252184,2811.4883803928496,2790.1424230027683,59.854897218862625
2026-01-19 14:00:00,2827.55,2825.75,2829.55,2825.25,4227,2821.832036466262,2812.0476595931304,2790.496727251497,59.13978494623649
2026-01-19 15:00:00,2825.5,2827.55,2828.8,2821.7,5063,2822.376604421856,2812.655594511047,2790.8654165325765,61.8160651920836
2026-01-19 16:00:00,2827.55,2826.75,2829.25,2817.6,10910,2822.7931182864413,2813.208316294928,2791.222477064591,59.859976662776624
2026-01-19 17:00:00,2827.25,2832.8,2836.55,2826.2,19296,2823.7461546401137,2813.9766176166954,2791.636183760466,64.31535269709514
2026-01-19 18:00:00,2833.05,2827.3,2833.7,2826.5,8984,2824.0846161029604,2814.4991032003545,2791.9910476036457,56.30413859480267
2026-01-19 19:00:00,2826.85,2829.0,2829.9,2824.55,3630,2824.5527479026787,2815.0677658199484,2792.359295886197,57.68872320596438
2026-01-19 20:00:00,2828.75,2826.55,2829.05,2825.5,1484,2824.7429623881376,2815.518049513284,2792.69950189728,51.21241513094081
2026-01-19 21:00:00,2826.55,2826.35,2827.75,2825.5,1173,2824.8960135892676,2815.9428318853124,2793.0343327241726,51.36186770428022
2026-01-19 22:00:00,2826.3,2824.1,2826.3,2823.0,1762,2824.8202027712423,2816.262720830987,2793.343443841345,46.14624505928851
2026-01-19 23:00:00,2823.7,2815.7,2823.7,2814.1,6068,2823.951612031124,2816.240653347419,2793.5658971364564,49.20969441517388
2026-01-20 08:00:00,2820.05,2820.05,2820.05,2820.05,41,2823.580029932922,2816.3900394906577,2793.829420548034,52.03980099502501
2026-01-20 09:00:00,2820.1,2821.5,2826.6,2818.35,8102,2823.3819318440724,2816.5904300988673,2794.10474969681,38.910012674271435
2026-01-20 10:00:00,2821.35,2812.65,2822.75,2811.05,21429,2822.359843097018,2816.435903428324,2794.289279550573,32.38396624472614
2026-01-20 11:00:00,2812.6,2807.75,2814.65,2803.45,33742,2820.9684294687304,2816.095279764468,2794.423217067483,30.306021717670674
2026-01-20 12:00:00,2808.1,2812.5,2813.95,2804.25,10346,2820.1619123764704,2815.9542884011557,2794.603085554374,37.605238540692405
2026-01-20 13:00:00,2812.6,2810.5,2815.35,2809.05,5224,2819.2417302453778,2815.740394738365,2794.7612638075643,34.109972041006515
2026-01-20 14:00:00,2810.45,2809.0,2811.05,2804.35,4700,2818.266327364866,2815.4760655329387,2794.9029427746536,33.67065317387315
2026-01-20 15:00:00,2809.1,2810.55,2812.25,2802.55,7097,2817.5314390444028,2815.2828864924313,2795.058634886349,27.68304914744249
2026-01-20 16:00:00,2810.85,2814.0,2817.5,2810.5,11039,2817.1951115163642,2815.2325772182185,2795.2471061810124,36.08786610878648
2026-01-20 17:00:00,2813.85,2817.1,2821.4,2806.5,17689,2817.1860532767105,2815.305809484171,2795.4645479105548,37.90650406504063
2026-01-20 18:00:00,2817.4,2816.05,2818.7,2814.35,5609,2817.0778577265473,2815.334993425968,2795.669378279604,39.01673640167368
2026-01-20 19:00:00,2816.75,2812.25,2817.5,2810.25,4156,2816.6180617525906,2815.2140132916165,2795.8343595902547,36.28404669260711
2026-01-20 20:00:00,2812.2,2814.0,2815.95,2811.45,1636,2816.368722538058,2815.1664049272395,2796.0151122311477,40.078585461689705
2026-01-20 21:00:00,2814.0,2817.5,2819.95,2812.95,3913,2816.4764632487195,2815.2579184595047,2796.2288922089474,51.956521739130636
2026-01-20 22:00:00,2818.2,2819.95,2822.6,2816.75,3830,2816.807276272651,2815.4419216571714,2796.4649231322414,49.88662131519233
2026-01-20 23:00:00,2820.0,2817.65,2820.1,2815.0,2116,2816.8875356752555,2815.528512964733,2796.675719916995,45.71746384872084
2026-01-21 08:00:00,2818.2,2818.2,2818.2,2818.2,13,2817.012532277612,2815.6332771621946,2796.88989185812,57.57162346521125
2026-01-21 09:00:00,2818.2,2818.45,2821.6,2811.0,8584,2817.1494339654582,2815.7437368813244,2797.1044202973426,66.7187500000002
2026-01-21 10:00:00,2818.6,2813.6,2820.1,2808.9,17119,2816.811392635415,2815.6596687683314,2797.2685554187624,51.713395638629194
2026-01-21 11:00:00,2813.8,2815.65,2816.6,2809.45,5666,2816.7007838129944,2815.659289600946,2797.4514553648446,58.009331259720405
2026-01-21 12:00:00,2815.4,2823.5,2829.25,2812.5,21930,2817.348328211757,2815.9667684401247,2797.710644863702,68.83116883116928
2026-01-21 13:00:00,2823.5,2844.6,2848.0,2823.0,48385,2819.9437255249227,2817.0896402660023,2798.177205611327,79.32816537467737
2026-01-21 14:00:00,2844.8,2849.85,2855.35,2844.8,36115,2822.791942141597,2818.3743602555705,2798.691362769423,79.94987468671721
2026-01-21 15:00:00,2849.9,2851.85,2852.75,2848.3,9589,2825.5593762233493,2819.687130441627,2799.2203044334087,79.57446808510684
2026-01-21 16:00:00,2851.8,2847.7,2852.5,2846.1,15281,2827.668007059221,2820.7856743458765,2799.702689463922,75.58609539207754
2026-01-21 17:00:00,2848.0,2850.15,2854.75,2846.5,11560,2829.809149244057,2821.937216528391,2800.2046527528382,81.32231404958709
2026-01-21 18:00:00,2850.3,2850.0,2851.25,2845.65,14105,2831.7320874112897,2823.0377178410035,2800.7001288448496,80.56027164685926
2026-01-21 19:00:00,2849.4,2847.25,2849.95,2844.3,10563,2833.2099838483095,2823.9872191021404,2801.163311642413,75.58039552880498
2026-01-21 20:00:00,2847.45,2849.05,2849.05,2844.5,5615,2834.718556815137,2824.9700732549977,2801.6397961036832,75.30434782608728
2026-01-21 21:00:00,2849.1,2851.55,2853.0,2848.45,3739,2836.321551404172,2826.0124233234296,2802.1364150479253,79.37608318890808
2026-01-21 22:00:00,2851.55,2858.45,2860.0,2851.0,10863,2838.429022699013,2827.2844851538835,2802.696749226553,81.42076502732232
2026-01-21 23:00:00,2858.35,2856.85,2858.55,2855.05,3671,2840.183401489583,2828.4439171086333,2803.2355875427065,79.35779816513764
2026-01-22 08:00:00,2855.0,2855.0,2855.0,2855.0,14,2841.5945061096227,2829.485332123981,2803.7506563233765,83.17307692307695
2026-01-22 09:00:00,2856.8,2852.5,2856.8,2848.7,8099,2842.6331245753727,2830.3878681191195,2804.2357244196614,79.31583134447092
2026-01-22 10:00:00,2852.5,2854.35,2862.0,2850.05,27266,2843.7490174729564,2831.3275595654286,2804.7343739279236,77.1328056288478
2026-01-22 11:00:00,2854.05,2855.1,2860.7,2854.05,10678,2844.830063427913,2832.2598121314904,2805.235524436104,64.3835616438356
2026-01-22 12:00:00,2854.85,2853.15,2855.5,2847.15,11603,2845.62243833954,2833.079035185158,2805.7122853869887,54.96987951807258
2026-01-22 13:00:00,2853.35,2852.15,2857.0,2851.65,6724,2846.2441108786315,2833.8269161582894,2806.1743521990584,50.46583850931706
2026-01-22 14:00:00,2852.4,2857.55,2866.6,2851.4,19313,2847.320862223524,2834.7572331716897,2806.68555267469,64.72346786248194
2026-01-22 15:00:00,2857.75,2858.8,2859.6,2856.35,2094,2848.4141134403308,2835.7000867727998,2807.20410438937,63.41085271317863
2026-01-22 16:00:00,2859.15,2848.5,2864.75,2837.7,31969,2848.42229311268,2836.2020441542586,2807.6150088233067,48.231132075471685
2026-01-22 17:00:00,2848.75,2850.35,2853.55,2828.25,50755,2848.605884244806,2836.756865952131,2808.0402326161097,53.73493975903608
2026-01-22 18:00:00,2849.85,2840.85,2852.35,2838.95,19915,2847.8672286024434,2836.9173810128323,2808.366697963213,41.66666666666628
2026-01-22 19:00:00,2844.95,2843.95,2850.6,2841.25,7259,2847.4941592117343,2837.1931699927213,2808.7207606700467,42.369477911646115
2026-01-22 20:00:00,2844.05,2845.4,2846.85,2837.15,5084,2847.2947154772837,2837.515006463595,2809.085728225569,35.28748590755383
2026-01-22 21:00:00,2845.45,2852.75,2856.85,2845.25,7787,2847.814266384209,2838.112457190513,2809.5201985914837,45.90818363273461
2026-01-22 22:00:00,2852.55,2847.55,2852.7,2844.5,3650,2847.7890981571413,2838.482556908532,2809.898604575648,43.03086997193653
2026-01-22 23:00:00,2847.6,2848.05,2850.4,2845.25,2573,2847.813945951699,2838.857750755256,2810.278220450517,45.67541302235196
2026-01-23 08:00:00,2849.0,2849.0,2849.0,2849.0,34,2847.926903480109,2839.2554860197556,2810.663511789318,44.708209693372964
2026-01-23 09:00:00,2849.0,2838.55,2849.0,2832.05,13500,2847.0338650534322,2839.227819901334,2810.9409892839517,36.265560165975224
2026-01-23 10:00:00,2838.15,2842.4,2844.65,2833.45,8204,2846.592544572153,2839.3522191208895,2811.254014266201,41.35156878519706
2026-01-23 11:00:00,2842.55,2849.95,2856.2,2842.1,12390,2846.912302231948,2839.7678183710505,2811.6390489501196,48.39883551673924
2026-01-23 12:00:00,2850.45,2846.1,2851.95,2843.6,7467,2846.8349401146197,2840.0161392192445,2811.981943985442,41.47431124348443
2026-01-23 13:00:00,2845.55,2846.75,2850.45,2844.05,6200,2846.826850579894,2840.2802121910386,2812.3278947915574,40.94665664913575
2026-01-23 14:00:00,2846.95,2844.95,2847.15,2842.15,2750,2846.6481029056185,2840.4633411247232,2812.6524928533327,46.942291128337445
2026-01-23 15:00:00,2845.25,2849.9,2851.0,2842.7,4661,2846.9578073907974,2840.833406178656,2813.023114814991,49.63205233033539
2026-01-23 16:00:00,2849.5,2845.3,2851.0,2844.05,5722,2846.799920972626,2841.0085667206695,2813.344277851658,53.955555555555826
2026-01-23 17:00:00,2845.6,2846.65,2850.0,2845.35,3880,2846.7856427847564,2841.22979939829,2813.6756780720393,52.477064220183756
2026-01-23 18:00:00,2847.05,2849.75,2849.85,2846.65,5187,2847.0679625195417,2841.563924912083,2814.0346265489347,53.873552983081
2026-01-23 19:00:00,2849.2,2846.65,2850.3,2845.4,4894,2847.0281565652995,2841.7633788370995,2814.3591576280496,44.12331406551059
2026-01-23 20:00:00,2846.95,2858.65,2866.75,2845.0,21182,2848.1349987971757,2842.4255992748604,2814.7998625272735,59.454855195911435
2026-01-23 21:00:00,2858.95,2858.05,2864.2,2856.15,11359,2849.079284626016,2843.0383208719245,2815.2302121538683,58.50340136054432
2026-01-23 22:00:00,2857.6,2859.7,2862.6,2855.2,6439,2850.0907813283,2843.6917200534176,2815.6726976050736,58.991596638655444
2026-01-23 23:00:00,2859.7,2860.95,2863.35,2858.6,1812,2851.1249926303667,2844.3685153454403,2816.123218026914,72.26640159045722
2026-01-24 09:00:00,2861.0,2861.0,2861.0,2861.0,2,2852.0654695227126,2845.020730429933,2816.5697531709247,70.0000000000001
2026-01-24 10:00:00,2862.0,2859.75,2862.85,2857.75,1423,2852.7973295681686,2845.5983488444454,2816.9994073682287,62.18905472636844
2026-01-24 11:00:00,2860.5,2859.45,2862.15,2858.4,1135,2853.430917228343,2846.1415508505456,2817.4218013247637,68.21282401091389
2026-01-24 12:00:00,2859.1,2850.9,2859.1,2847.0,4382,2853.18987749231,2846.3281566995443,2817.7549177294923,54.65768799102146
2026-01-24 13:00:00,2850.9,2838.85,2850.9,2824.9,19255,2851.824174873995,2846.0348956525036,2817.964819045617,44.43430656934312
2026-01-24 14:00:00,2838.05,2838.7,2841.95,2836.25,2149,2850.574253457424,2845.747252685739,2818.1711392541183,38.79999999999963
2026-01-24 15:00:00,2838.75,2848.9,2856.75,2831.55,9551,2850.414800747193,2845.870889835318,2818.4768990625353,53.23741007194237
2026-01-24 16:00:00,2851.5,2846.65,2854.25,2843.05,4341,2850.056248295079,2845.9014431751093,2818.7572284250973,50.0
2026-01-24 17:00:00,2846.75,2849.7,2851.95,2846.45,2309,2850.022319886024,2846.05040618785,2819.0651166994744,49.95571302037185
2026-01-24 18:00:00,2849.05,2850.9,2851.25,2847.45,652,2850.1059084683075,2846.2405863373465,2819.38188170744,53.89550870760769
2026-01-25 09:00:00,2853.0,2850.8,2853.0,2850.8,29,2850.1720124237067,2846.4193868731372,2819.694499799903,40.797186400937996
2026-01-25 10:00:00,2852.15,2855.15,2858.2,2850.95,2891,2850.6461064785917,2846.7617638585043,2820.0472908466704,46.874999999999915
2026-01-25 11:00:00,2855.7,2855.55,2856.9,2855.0,865,2851.113143956821,2847.1064005699354,2820.400551634266,45.40420819490633
2026-01-25 12:00:00,2855.4,2868.65,2873.0,2855.0,9398,2852.7833207228387,2847.9512476064087,2820.880645647855,56.754385964912466
2026-01-25 13:00:00,2868.8,2865.05,2869.6,2863.0,2796,2853.9515758920925,2848.6217869159614,2821.320141711061,53.34434351775407
2026-01-25 14:00:00,2863.95,2864.8,2866.25,2863.5,889,2854.9847591404646,2849.2562266447476,2821.7527771169207,54.24013434089015
2026-01-25 15:00:00,2865.25,2864.8,2866.0,2863.5,1027,2855.91954398423,2849.8657863841695,2822.1811076928716,54.51476793248976
2026-01-25 16:00:00,2864.8,2864.45,2867.0,2863.9,922,2856.7319683666847,2850.4377163298886,2822.601693685978,63.27130264446578
2026-01-25 17:00:00,2864.4,2866.0,2868.0,2864.15,1202,2857.6146380460477,2851.048001964011,2823.033517629401,83.47718865597986
2026-01-25 18:00:00,2865.25,2866.1,2867.7,2863.8,1280,2858.422767755948,2851.638276396795,2823.462039842044,83.8271604938269
2026-01-26 08:00:00,2859.0,2859.0,2859.0,2859.0,48,2858.4777422553816,2851.926971440058,2823.815651385904,63.50267379679129
2026-01-26 09:00:00,2860.0,2841.35,2862.0,2840.05,23393,2856.84652870725,2851.5121882463304,2823.9901225163926,44.98106060606045
2026-01-26 10:00:00,2841.25,2840.1,2848.3,2836.05,20882,2855.2516212113214,2851.064651452357,2824.150419804787,40.588235294117815
2026-01-26 11:00:00,2839.85,2834.5,2843.6,2834.0,11402,2853.275276334053,2850.4150572777544,2824.253400702252,35.19855595667863
2026-01-26 12:00:00,2834.25,2836.65,2841.1,2833.2,10120,2851.691916683191,2849.875251109999,2824.376749948996,37.68494342906874
2026-01-26 13:00:00,2836.7,2842.5,2844.4,2836.1,7945,2850.8164960466966,2849.586025576274,2824.5570807952745,39.27056827820183
2026-01-26 14:00:00,2842.55,2832.1,2843.8,2829.1,16586,2849.0339726136776,2848.900299083087,2824.6321347177095,32.99492385786789
2026-01-26 15:00:00,2832.0,2834.8,2835.45,2829.1,10435,2847.6783561742795,2848.3473461778676,2824.733307506588,21.093082835183992
2026-01-26 16:00:00,2834.75,2838.05,2842.85,2833.25,9921,2846.761369871967,2847.9435286806965,2824.865811909508,26.804123711340495
2026-01-26 17:00:00,2837.95,2840.55,2842.7,2833.2,7608,2846.1698108365417,2847.653586379493,2825.0218734825476,29.94210090984309
2026-01-26 18:00:00,2840.5,2831.65,2840.85,2829.05,15188,2844.786971709252,2847.025994756768,2825.087824990184,26.099495313626747
2026-01-26 19:00:00,2833.9,2835.65,2836.7,2830.9,2888,2843.9167839274187,2846.579877315326,2825.1929212589384,30.273972602740045
2026-01-26 20:00:00,2835.65,2841.25,2848.9,2835.6,11924,2843.6628045057596,2846.370862518647,2825.3526931867104,33.93900064892931
2026-01-26 21:00:00,2840.75,2836.9,2841.3,2836.0,1833,2843.0187278861636,2845.999456145367,2825.467591761967,32.041820418204324
2026-01-26 22:00:00,2836.9,2831.7,2836.9,2830.0,3466,2841.940753801767,2845.438693159274,2825.5296057742858,32.80856423173803
2026-01-26 23:00:00,2831.65,2832.5,2832.85,2830.05,4478,2841.041634392075,2844.9312934275376,2825.5989629307605,42.925659472422204
2026-01-27 08:00:00,2832.5,2832.5,2832.5,2832.5,4,2840.2281454023537,2844.443791724497,2825.6676299662754,43.80097879282232
2026-01-27 09:00:00,2833.0,2835.0,2837.95,2832.5,4123,2839.7302267926057,2844.073446950987,2825.7604893695966,50.429553264604806
2026-01-27 10:00:00,2835.05,2826.8,2836.5,2822.5,16603,2838.4987766218815,2843.396056874478,2825.770832758954,42.33463035019468
2026-01-27 11:00:00,2826.8,2828.95,2830.6,2818.35,19256,2837.58936932456,2842.8295448401846,2825.80246626384,38.81090008257627
2026-01-27 12:00:00,2828.95,2832.1,2832.1,2826.5,7977,2837.0665722460303,2842.4087783758637,2825.8651282910655,50.0
2026-01-27 13:00:00,2832.15,2835.45,2837.45,2828.5,5613,2836.9126129845035,2842.135885106222,2825.9605001488662,50.60240963855388
2026-01-27 14:00:00,2835.3,2840.75,2845.15,2835.3,14955,2837.2780784145507,2842.081536670684,2826.1076593513653,52.41071428571412
2026-01-27 15:00:00,2841.05,2840.1,2844.85,2837.8,7554,2837.5468328512598,2842.003829350265,2826.2468866215013,49.58448753462579
2026-01-27 16:00:00,2839.8,2847.6,2849.8,2838.4,13512,2838.5042773416158,2842.2232870228036,2826.459355411337,65.1184834123221
2026-01-27 17:00:00,2847.65,2848.95,2852.0,2845.4,16438,2839.499108070986,2842.4870796885757,2826.6831429196823,63.27345309381213
2026-01-27 18:00:00,2848.95,2849.0,2851.1,2845.4,8481,2840.4039549213685,2842.7424883282392,2826.9052011990884,58.69809203142533
2026-01-27 19:00:00,2850.65,2849.4,2854.05,2848.25,8998,2841.2607211193335,2843.003567217328,2827.1290300428786,65.3940886699506
2026-01-27 20:00:00,2849.4,2853.9,2855.25,2846.65,6092,2842.4644619651117,2843.4308783068445,2827.3954078533975,77.81954887218073
2026-01-27 21:00:00,2853.6,2856.8,2857.65,2850.05,4878,2843.829751301768,2843.955157588929,2827.6879908598316,78.92857142857164
2026-01-27 22:00:00,2856.55,2858.0,2858.05,2855.3,2611,2845.1792987968374,2844.5059357226964,2827.989602891077,79.51388888888901
2026-01-27 23:00:00,2857.95,2853.2,2858.65,2851.25,4975,2845.9431751019,2844.8468794198457,2828.2404526135538,69.9999999999998
2026-01-28 08:00:00,2853.5,2853.5,2853.5,2853.5,26,2846.662872711243,2845.1862174818125,2828.4917913935183,85.50531914893558
2026-01-28 09:00:00,2857.3,2863.2,2864.45,2853.5,9633,2848.237837214934,2845.8926403256633,2828.8371467030356,87.92912513842701
2026-01-28 10:00:00,2863.4,2862.3,2864.0,2854.65,19254,2849.577090813512,2846.5360661952454,2829.1701104174335,85.19813519813545
2026-01-28 11:00:00,2862.3,2857.95,2866.0,2856.05,17447,2850.3745107360346,2846.9836714424905,2829.4564774779565,75.62642369020469
2026-01-28 12:00:00,2857.95,2854.45,2857.95,2850.85,11727,2850.762652570698,2847.2764686408245,2829.705169244345,66.27078384798065
2026-01-28 13:00:00,2854.4,2854.1,2856.6,2852.2,5743,2851.0804951830123,2847.5440581058906,2829.94790387873,66.74641148325352
2026-01-28 14:00:00,2854.45,2853.8,2857.05,2850.6,7759,2851.339495641773,2847.7893891605618,2830.185238168494,58.95953757225475
2026-01-28 15:00:00,2853.6,2852.45,2856.35,2847.05,11955,2851.445257961604,2847.972158213089,2830.4067780872156,55.057803468208036
2026-01-28 16:00:00,2852.45,2852.05,2855.95,2847.45,7868,2851.5028524414515,2848.132073577282,2830.622133529134,54.36337625178856
2026-01-28 17:00:00,2852.2,2859.75,2860.6,2851.4,7797,2852.288295066075,2848.5876785350356,2830.911963046257,62.248520710059196
2026-01-28 18:00:00,2859.6,2852.0,2861.0,2850.15,15389,2852.2608383931156,2848.7214950630737,2831.121794259727,47.912087912087785
2026-01-28 19:00:00,2854.85,2850.3,2856.75,2845.35,8977,2852.074091879486,2848.783397217463,2831.3126221775406,42.66365688487573
2026-01-28 20:00:00,2850.3,2853.2,2853.55,2849.7,1884,2852.1813212242964,2848.956597326582,2831.5304070314955,44.782608695651874
2026-01-28 21:00:00,2853.4,2847.4,2853.4,2846.45,3372,2851.725957298173,2848.895554294167,2831.688313429192,43.82978723404266
2026-01-28 22:00:00,2847.05,2848.3,2849.65,2846.35,1173,2851.3996756507277,2848.8721992238075,2831.853603842832,44.53781512605044
2026-01-28 23:00:00,2849.0,2846.25,2850.0,2845.0,4239,2850.909230350658,2848.7693678816972,2831.9968515657893,28.785982478097267
2026-01-29 08:00:00,2855.3,2855.25,2855.3,2851.25,44,2851.322636983929,2849.023510317709,2832.228226177075,42.66389177939616
2026-01-29 09:00:00,2855.3,2869.55,2883.0,2850.3,39231,2853.058576318793,2849.828470697407,2832.5995871106365,60.00000000000047
2026-01-29 10:00:00,2869.55,2883.65,2894.25,2869.55,63459,2855.9720452408123,2851.1548051798613,2833.1075514179934,71.28279883381975
2026-01-29 11:00:00,2884.0,2884.15,2892.45,2880.6,27073,2858.6556599797827,2852.4487343884944,2833.615436478511,71.85454545454587
2026-01-29 12:00:00,2884.55,2885.85,2890.7,2877.85,20820,2861.2455971245654,2853.7585879418866,2834.135183379223,72.84390591589458
2026-01-29 13:00:00,2886.0,2894.25,2899.9,2884.2,23879,2864.3888735888922,2855.3464864539696,2834.7333407585343,77.07253886010413
2026-01-29 14:00:00,2894.4,2894.75,2898.4,2890.8,8793,2867.2804094375692,2856.8917222793043,2835.330521447504,77.61966364812434
2026-01-29 15:00:00,2895.35,2890.7,2898.6,2886.5,18726,2869.510846633991,2858.217537091881,2835.8814615326037,71.01154107264085
2026-01-29 16:00:00,2890.85,2903.8,2903.8,2887.7,13503,2872.776480287897,2860.005084656905,2836.5572678855133,82.78481012658239
2026-01-29 17:00:00,2903.75,2902.7,2912.0,2902.5,29985,2875.626339308097,2861.679395062517,2837.2154045234684,83.41836734693831
2026-01-29 18:00:00,2902.8,2863.1,2903.4,2850.05,99937,2874.433354612088,2861.7351050600655,2837.472962687414,54.30060816681147
2026-01-29 19:00:00,2863.0,2870.0,2874.9,2860.75,23001,2874.011130363318,2862.059218587122,2837.7966147999773,59.724612736660795
2026-01-29 20:00:00,2870.05,2868.95,2884.7,2865.0,15268,2873.5291179477636,2862.3294453091958,2838.106598732316,58.87408680704745
2026-01-29 21:00:00,2868.95,2874.5,2877.4,2867.55,3761,2873.6215829051193,2862.806721963737,2838.4687221280146,61.785565289945644
2026-01-29 22:00:00,2874.85,2883.1,2884.0,2871.35,4747,2874.5242892951082,2863.602536788688,2838.9128144451493,61.65759732105467
2026-01-29 23:00:00,2882.9,2885.4,2887.65,2880.55,7005,2875.560071267003,2864.457339267563,2839.375373505397,57.37552349930188
2026-01-30 08:00:00,2875.95,2875.95,2875.95,2875.95,92,2875.5972073368125,2864.9080318453057,2839.739300137184,46.2548638132295
2026-01-30 09:00:00,2878.0,2874.95,2879.0,2868.5,11729,2875.5355685428303,2865.3018345180385,2840.0896553596995,45.54695062923517
2026-01-30 10:00:00,2875.3,2874.05,2878.15,2862.95,21013,2875.3940858244655,2865.6448998310566,2840.4275692367178,44.2439024390246
2026-01-30 11:00:00,2874.0,2838.55,2874.35,2837.2,49828,2871.8851252697546,2864.582354739643,2840.4088869557554,28.51080246913608
2026-01-30 12:00:00,2838.25,2839.5,2843.0,2831.25,27981,2868.800827625016,2863.5987329851473,2840.3998433044544,28.758169934640705
2026-01-30 13:00:00,2839.5,2851.4,2856.5,2839.0,17642,2867.143605946443,2863.1203512994557,2840.5092975999323,35.75054387237148
2026-01-30 14:00:00,2851.45,2850.2,2855.3,2847.45,8430,2865.529929189639,2862.61367085634,2840.6057224994356,28.730158730158735
2026-01-30 15:00:00,2850.5,2843.85,2854.9,2843.0,8846,2863.465174028721,2861.8778406266797,2840.6380038676007,27.580952380952496
2026-01-30 16:00:00,2843.9,2850.7,2852.0,2841.65,6695,2862.249443168843,2861.4394939354374,2840.738123232102,43.70558375634516
2026-01-30 17:00:00,2851.05,2854.05,2860.0,2847.15,31112,2861.468543819429,2861.1497098595382,2840.870579717355,41.600842548710006
2026-01-30 18:00:00,2854.05,2844.55,2854.5,2840.5,8159,2859.8572539318643,2860.4987408454385,2840.9071908644464,38.20116054158631
2026-01-30 19:00:00,2844.6,2840.95,2846.7,2837.4,5535,2858.0565630812107,2859.7321235573822,2840.9076168259944,33.464760965993136
2026-01-30 20:00:00,2840.5,2834.25,2843.55,2833.2,7139,2855.789271359191,2858.7328245943477,2840.841371882452,25.464590657961025
2026-01-30 21:00:00,2835.35,2833.25,2847.2,2824.4,35998,2853.6426740868874,2857.7334981396675,2840.765835843821,23.460559796437735
2026-01-30 22:00:00,2833.4,2840.55,2841.3,2828.05,9007,2852.395752745279,2857.059635467524,2840.7636882234847,31.581685744016923
2026-01-30 23:00:00,2840.5,2838.0,2841.1,2836.6,2872,2851.0247286743,2856.3121987825234,2840.7361888381765,31.080389144905467
2026-01-31 09:00:00,2832.2,2835.8,2835.8,2832.2,8,2849.5747545148433,2855.5077988302673,2840.687072531329,30.672056594239663
2026-01-31 10:00:00,2837.35,2847.05,2856.0,2836.65,18549,2849.334301703906,2855.1761204447666,2840.75038524246,55.68942436412311
2026-01-31 11:00:00,2847.45,2847.9,2849.5,2847.4,342,2849.197701541629,2854.890782388109,2840.821525687809,55.630026809651476
2026-01-31 12:00:00,2847.5,2842.25,2847.5,2841.0,1190,2848.536015680522,2854.3950654317127,2840.835739362557,43.30651060716899
2026-01-31 13:00:00,2841.8,2841.25,2845.6,2841.15,642,2847.842109425234,2853.879572669685,2840.8398613589497,43.43360234776247
2026-01-31 14:00:00,2841.6,2845.3,2847.3,2841.25,410,2847.6000037656877,2853.543118839501,2840.8842408479154,51.10098709187567
2026-01-31 15:00:00,2845.3,2844.95,2847.35,2844.75,1007,2847.34762245467,2853.2061337869713,2840.9246961628614,45.155855096883
2026-01-31 16:00:00,2845.0,2845.05,2845.65,2844.2,421,2847.128801268511,2852.8862854031686,2840.965743962236,41.97860962566863
2026-01-31 17:00:00,2845.05,2844.5,2845.9,2844.45,243,2846.8784392429384,2852.5574114657893,2841.0009106889797,49.94697773064668
2026-01-31 18:00:00,2844.45,2844.0,2849.3,2843.35,1640,2846.604302172182,2852.221826702425,2841.030752373667,53.46197502837696
2026-02-01 09:00:00,2844.0,2844.0,2844.0,2844.0,14,2846.356273393879,2851.8994021258595,2841.0602971261683,63.05220883534092
2026-02-01 10:00:00,2844.0,2845.1,2849.15,2844.0,977,2846.2366283087476,2851.6327589052376,2841.1004931746643,65.82109479305679
2026-02-01 11:00:00,2846.4,2844.45,2846.45,2842.65,1406,2846.066473231724,2851.3510820854244,2841.1338216007875,56.331168831168014
2026-02-01 12:00:00,2844.6,2842.0,2844.85,2840.8,959,2845.6791900667977,2850.9843729840354,2841.142440291327,56.51465798045587
2026-02-01 13:00:00,2842.55,2854.05,2855.0,2839.9,4835,2846.476410060436,2851.1045936513283,2841.2708737212643,72.50308261405611
2026-02-01 14:00:00,2853.65,2851.95,2859.75,2849.25,4040,2846.9977043403946,2851.1377468414726,2841.377133684237,57.8025477706997
2026-02-01 15:00:00,2851.95,2845.5,2854.45,2845.45,3867,2846.855065831786,2850.9166587300424,2841.4181572296675,46.75675675675675
2026-02-01 16:00:00,2845.5,2847.0,2849.0,2844.4,1300,2846.8688690859017,2850.7630642700406,2841.4736979537506,57.229832572298044
2026-02-01 17:00:00,2847.0,2846.8,2847.85,2843.0,883,2846.8623101253397,2850.607649984941,2841.5266959840615,58.65834633385334
2026-02-01 18:00:00,2846.8,2847.65,2849.1,2846.2,751,2846.937328208641,2850.491663711022,2841.5876243822304,54.07279029462712
2026-02-02 08:00:00,2837.0,2836.95,2837.0,2836.95,272,2845.986154093532,2849.9606180752953,2841.5414788659896,39.795918367347134
2026-02-02 09:00:00,2836.0,2819.8,2836.0,2809.0,35027,2843.492234656053,2848.777848739009,2841.325145742945,27.555555555555557
2026-02-02 10:00:00,2819.85,2826.75,2828.95,2812.25,27529,2841.897736117381,2847.914011533558,2841.180119417145,35.83399840383072
2026-02-02 11:00:00,2826.25,2823.4,2826.8,2820.2,11524,2840.136046963345,2846.952677747928,2841.003202806029,34.274809160305296
2026-02-02 12:00:00,2823.0,2839.1,2841.55,2820.5,18350,2840.0373758239784,2846.644729600951,2840.984265464676,46.982758620689566
2026-02-02 13:00:00,2839.5,2835.6,2842.3,2832.05,11490,2839.6147686026475,2846.2116029499334,2840.9306906839333,44.318181818181785
2026-02-02 14:00:00,2834.8,2837.5,2838.1,2830.0,8438,2839.4133620690623,2845.869971461701,2840.8965544582225,45.90453741897474
2026-02-02 15:00:00,2837.3,2834.65,2840.85,2830.05,7996,2838.9597085386754,2845.42997258085,2840.834399687494,45.68914956011733
2026-02-02 16:00:00,2834.7,2829.65,2836.05,2825.25,10732,2838.0730696302303,2844.811150126699,2840.723112128415,34.39897698209701
2026-02-02 17:00:00,2830.2,2830.75,2833.8,2824.0,8091,2837.375634427351,2844.2597324746716,2840.6238771818635,36.26943005181339
2026-02-02 18:00:00,2831.05,2829.45,2832.9,2827.8,3256,2836.6208121009367,2843.6789586521354,2840.5126943243326,38.861901457321075
2026-02-02 19:00:00,2829.2,2838.2,2840.55,2829.0,7002,2836.771210948467,2843.4640975285224,2840.4896824405087,44.45145018915494
2026-02-02 20:00:00,2838.2,2833.6,2841.25,2833.6,6155,2836.4691908581367,2843.0772701744627,2840.4211283863747,42.11469534050157
2026-02-02 21:00:00,2833.5,2834.65,2838.3,2831.6,3031,2836.295934585933,2842.7467889911504,2840.3637042233263,42.252681764004734
2026-02-02 22:00:00,2835.0,2845.7,2847.35,2834.55,8292,2837.191559863463,2842.862601187576,2840.416801693741,55.19287833827899
2026-02-02 23:00:00,2846.05,2841.3,2846.85,2840.0,3560,2837.5828398764666,2842.8013227096317,2840.4255897365892,65.03496503496523
2026-02-03 08:00:00,2847.7,2847.7,2847.7,2847.7,35,2838.546378935851,2842.993427701411,2840.497971928265,64.76391825229044
2026-02-03 09:00:00,2845.05,2847.95,2849.15,2838.0,12499,2839.441961894341,2843.187803085669,2840.5721214613172,68.09137803979372
2026-02-03 10:00:00,2847.3,2845.9,2853.55,2841.1,21419,2840.0570131424993,2843.294163748976,2840.62513517812,56.27306273062759
2026-02-03 11:00:00,2846.0,2839.7,2846.75,2839.6,13792,2840.0230118908325,2843.153216150977,2840.615929852965,53.60281195079083
2026-02-03 12:00:00,2839.85,2843.6,2846.0,2835.1,11320,2840.363677425039,2843.170737086233,2840.645622093234,55.17826825127334
2026-02-03 13:00:00,2843.75,2842.85,2848.35,2842.75,5908,2840.600470051226,2843.158159161283,2840.6675562017595,57.218309859154864
2026-02-03 14:00:00,2843.0,2845.25,2848.5,2839.9,9891,2841.0432824272993,2843.2401921353503,2840.713152657463,64.3911439114392
2026-02-03 15:00:00,2844.95,2845.85,2852.85,2843.35,12356,2841.501065053271,2843.3425375418074,2840.764265566344,64.05959031657363
2026-02-03 16:00:00,2845.8,2850.6,2850.9,2840.6,9622,2842.3676302862923,2843.627143912717,2840.862133570659,68.50393700787436
2026-02-03 17:00:00,2850.25,2851.1,2851.95,2847.6,7557,2843.1992845447407,2843.920197092611,2840.9640028883637,63.19018404908007
2026-02-03 18:00:00,2851.05,2849.1,2852.4,2845.5,7719,2843.761257445242,2844.123326618391,2841.0449580835043,66.7386609071277
2026-02-03 19:00:00,2849.1,2844.75,2849.75,2842.75,3689,2843.855423402838,2844.1479020451206,2841.081824172226,60.18145161290334
2026-02-03 20:00:00,2844.5,2840.15,2846.55,2838.0,6454,2843.5025259359013,2843.991121572763,2841.0725522899156,43.56894553881827
2026-02-03 21:00:00,2840.4,2843.65,2847.35,2836.2,9026,2843.516571084863,2843.977744256184,2841.098198535787,52.781065088757316
2026-02-03 22:00:00,2844.0,2843.95,2846.75,2840.4,2347,2843.5578500291613,2843.9766562461377,2841.1265746697595,44.81327800829871
2026-02-03 23:00:00,2843.95,2843.0,2844.8,2838.25,4865,2843.5047214549554,2843.938356001191,2841.145215717822,43.28358208955239
2026-02-04 08:00:00,2856.7,2851.8,2856.7,2851.65,583,2844.294747983055,2844.2466557658504,2841.2512334718735,56.76605504587168
2026-02-04 09:00:00,2851.0,2859.25,2859.85,2844.45,13598,2845.7190576989547,2844.835022206405,2841.4303256761336,71.79487179487226
2026-02-04 10:00:00,2859.25,2861.85,2865.0,2854.35,25169,2847.2553379181018,2845.502276237526,2841.6335065151775,70.95292766934593
2026-02-04 11:00:00,2862.0,2857.5,2863.0,2856.0,12227,2848.2310200211396,2845.9727752086037,2841.7913820722406,65.53552492046697
2026-02-04 12:00:00,2857.5,2855.45,2859.3,2847.3,15750,2848.918541923888,2846.3444310827763,2841.9272887182883,60.89743589743588
2026-02-04 13:00:00,2855.45,2854.5,2857.0,2848.65,8319,2849.4501093597078,2846.664257314824,2842.0523903230815,59.17285259809145
2026-02-04 14:00:00,2854.4,2843.55,2854.4,2840.0,18407,2848.8881941825925,2846.542129576988,2842.067291911907,43.39268978444249
2026-02-04 15:00:00,2843.55,2842.1,2849.25,2842.05,7857,2848.2416994985365,2846.367928417106,2842.06761736552,41.71270718232033
2026-02-04 16:00:00,2842.1,2839.0,2842.1,2832.35,17467,2847.361537641533,2846.078990047808,2842.0370938096444,40.88447653429598
2026-02-04 17:00:00,2839.05,2838.35,2842.95,2834.0,9713,2846.503295961387,2845.7758923988745,2842.0004063090514,43.8104448742745
2026-02-04 18:00:00,2838.25,2830.15,2839.3,2828.0,13438,2844.9458392031593,2845.163112304801,2841.882491818414,40.95840867992755
2026-02-04 19:00:00,2828.55,2828.0,2830.85,2821.7,12804,2843.3319497552393,2844.490049077162,2841.7443575714647,35.49582947173283
2026-02-04 20:00:00,2828.1,2820.6,2831.4,2816.4,9475,2841.1670021595023,2843.5531844074694,2841.5339659538386,30.87633087633087
2026-02-04 21:00:00,2820.8,2824.0,2825.5,2815.25,5356,2839.532049572883,2842.786392862078,2841.359498630915,35.03937007874015
2026-02-04 22:00:00,2823.8,2826.45,2827.65,2820.15,2996,2838.2861400897514,2842.145750004742,2841.2111454107066,27.82152230971083
2026-02-04 23:00:00,2826.35,2827.4,2827.7,2823.05,1729,2837.2493648431087,2841.5674852986735,2841.0737210782618,18.558736426456207
2026-02-05 08:00:00,2819.6,2819.6,2819.6,2819.6,51,2835.5684729532886,2840.706015286961,2840.8600522118113,12.1754700089528
2026-02-05 09:00:00,2819.6,2808.25,2819.6,2803.1,32162,2832.9667136244043,2839.4332303737465,2840.5355740803507,10.819411296738494
2026-02-05 10:00:00,2808.1,2812.3,2813.3,2800.05,20902,2830.998455183985,2838.369182123796,2840.2546230944768,16.73091750192799
2026-02-05 11:00:00,2812.0,2812.8,2816.15,2805.85,28213,2829.265268975986,2837.3664690993332,2839.9814427651786,17.62422360248489
2026-02-05 12:00:00,2812.95,2803.25,2814.35,2801.1,13665,2826.7876243116066,2836.02856835034,2839.61595577249,18.01587301587334
2026-02-05 13:00:00,2803.1,2793.55,2806.5,2790.3,30116,2823.62213628193,2834.3627421405226,2839.157588053361,15.929824561403905
2026-02-05 14:00:00,2793.55,2787.65,2795.55,2781.0,22563,2820.1962185407942,2832.5308698997183,2838.6450747393974,15.327481431465586
2026-02-05 15:00:00,2787.65,2783.75,2787.85,2776.1,41983,2816.725150108338,2830.6178946095333,2838.0988550902493,14.683053040103843
2026-02-05 16:00:00,2783.2,2792.25,2793.95,2780.15,28932,2814.3941834313537,2829.1132712915123,2837.6426475769135,25.579896907216707
2026-02-05 17:00:00,2792.0,2797.8,2798.3,2786.1,16564,2812.8137850093203,2827.8852998683155,2837.246203322417,31.358024691358352
2026-02-05 18:00:00,2797.7,2785.05,2798.1,2783.7,12857,2810.1696150084326,2826.205484187205,2836.726838115229,29.415170816445055
2026-02-05 19:00:00,2786.0,2788.75,2790.65,2782.45,9605,2808.1296516742964,2824.7366416700597,2836.2494566414457,29.65954991344502
2026-02-05 20:00:00,2788.85,2792.8,2797.85,2788.05,4563,2806.669684848173,2823.4842243496655,2835.817123739541,30.934844192634955
2026-02-05 21:00:00,2792.8,2790.95,2795.9,2790.4,4813,2805.17257200549,2822.2083724143845,2835.3706846973564,29.55692652832313
2026-02-05 22:00:00,2791.4,2789.45,2794.7,2789.2,2251,2803.6751841954433,2820.9237303589184,2834.913762461562,31.804465902233076
2026-02-05 23:00:00,2789.35,2791.95,2797.0,2787.4,4553,2802.5584999863536,2819.7875056389607,2834.486262337566,38.9864864864865
2026-02-06 08:00:00,2797.85,2797.85,2797.85,2797.85,12,2802.110071416225,2818.927211300178,2834.1217224138095,40.47462096242576
2026-02-06 09:00:00,2797.9,2795.3,2803.0,2792.9,6964,2801.4614931861083,2818.0006539942888,2833.7354366186473,38.767650834403156
2026-02-06 10:00:00,2795.3,2783.75,2796.0,2780.3,32136,2799.774684311241,2816.657491092552,2833.2380690901036,37.797246558197834
2026-02-06 11:00:00,2783.75,2789.8,2791.25,2782.4,16627,2798.8247143768367,2815.604256147746,2832.8058494971674,47.540983606557404
2026-02-06 12:00:00,2789.65,2788.4,2791.55,2785.35,9415,2797.8318844361856,2814.537422573325,2832.36400024844,50.522648083623686
2026-02-06 13:00:00,2788.5,2794.35,2795.9,2788.25,13144,2797.500276394644,2813.7457589429982,2831.9857514897494,57.18157181571803
2026-02-06 14:00:00,2794.6,2789.35,2796.1,2786.4,7926,2796.7240595951544,2812.789062513861,2831.561515156518,47.93741109530579
2026-02-06 15:00:00,2789.9,2789.75,2792.95,2788.0,5891,2796.059863443235,2811.8855698662587,2831.1454801798363,43.821949347659164
2026-02-06 16:00:00,2790.9,2790.25,2797.75,2788.1,11358,2795.506543115308,2811.0371161460134,2830.7385599790423,54.91493383742889
2026-02-06 17:00:00,2790.0,2783.85,2790.05,2782.9,11192,2794.3963961519453,2809.9709547285224,2830.27200714343,45.5935251798561
2026-02-06 18:00:00,2783.55,2785.8,2787.3,2782.3,5039,2793.5776917565217,2809.023074150933,2829.8294996096647,43.45794392523376
2026-02-06 19:00:00,2784.55,2787.8,2788.5,2784.5,2070,2793.027435398758,2808.1907967332495,2829.4112956334493,47.06430568499571
2026-02-06 20:00:00,2787.8,2786.55,2790.0,2782.75,2778,2792.410536789352,2807.342138037828,2828.984815079883,47.28464419475692
2026-02-06 21:00:00,2786.05,2786.4,2787.85,2785.05,1710,2791.8381047141756,2806.5208777226194,2828.561085576601,44.56415279138134
2026-02-06 22:00:00,2786.0,2787.4,2790.4,2785.75,2060,2791.4154280747302,2805.771039380556,2828.1515225360376,38.67822318526577
2026-02-06 23:00:00,2787.0,2787.0,2788.0,2782.5,3755,2790.9949111152323,2805.0349201891618,2827.742054650107,40.568181818181806
2026-02-07 09:00:00,2788.5,2788.5,2788.5,2788.5,5,2790.757300532829,2804.38649194645,2827.3515864446335,56.995581737849626
2026-02-07 10:00:00,2788.35,2789.4,2792.25,2788.2,4283,2790.628033815417,2803.7987863799226,2826.9739587188164,49.30555555555541
2026-02-07 11:00:00,2789.1,2790.5,2791.55,2789.1,1344,2790.6158401187104,2803.277265345416,2826.6110337564405,53.684210526315574
2026-02-07 12:00:00,2790.6,2791.85,2792.05,2789.5,1328,2790.7333791550236,2802.8291372926547,2826.2651528235406,44.76987447698757
2026-02-07 13:00:00,2791.8,2791.95,2792.5,2790.45,895,2790.849247806926,2802.402504457649,2825.923708516839,56.84210526315749
2026-02-07 14:00:00,2791.95,2791.5,2792.0,2790.9,147,2790.911224206266,2801.974955263231,2825.5811840539845,54.59317585301832
2026-02-07 15:00:00,2791.7,2792.3,2792.75,2791.55,774,2791.043488567574,2801.5955452529083,2825.250027993746,55.29715762273939
2026-02-07 16:00:00,2792.25,2792.05,2792.95,2792.05,327,2791.139346799234,2801.2212101449513,2824.919679456495,81.06060606060645
2026-02-07 17:00:00,2792.1,2792.3,2792.6,2791.95,173,2791.249885199307,2800.871358766718,2824.595105531555,78.26086956521739
2026-02-07 18:00:00,2792.6,2791.8,2792.65,2791.75,173,2791.302277085087,2800.515619207239,2824.2687860735296,70.0
2026-02-08 09:00:00,2791.8,2791.8,2791.8,2791.8,1,2791.3496792674596,2800.17383021872,2823.9457135752855,80.0
2026-02-08 10:00:00,2791.8,2793.8,2795.3,2791.75,2810,2791.5830431467493,2799.923876092496,2823.6457562262776,84.90566037735923
2026-02-08 11:00:00,2793.8,2791.4,2793.85,2790.0,1661,2791.5656104661066,2799.58960644181,2823.324902930494,66.66666666666666
2026-02-08 12:00:00,2791.05,2790.0,2791.35,2790.0,983,2791.41650470743,2799.213543444092,2822.9933118565586,61.53846153846153
2026-02-08 13:00:00,2790.0,2789.15,2790.25,2788.0,833,2791.200647116246,2798.818894681579,2822.6565624848517,52.63157894736881
2026-02-08 14:00:00,2789.2,2785.5,2789.35,2785.5,623,2790.65772834327,2798.296585086223,2822.286845445202,37.0860927152314
2026-02-08 15:00:00,2785.5,2787.25,2787.25,2785.5,381,2790.333182786768,2797.863385671077,2821.938220117389,39.682539682539684
2026-02-08 16:00:00,2787.25,2784.0,2787.35,2783.9,773,2789.730022521361,2797.3197234878976,2821.5607253898525,27.762039660057027
2026-02-08 17:00:00,2784.0,2783.15,2787.0,2783.0,2804,2789.103353709803,2796.7640480569994,2821.178529117317,26.086956521739978
2026-02-08 18:00:00,2783.2,2782.0,2783.85,2781.15,2476,2788.426843832679,2796.1850657802543,2820.788693006697,25.13089005235649
2026-02-09 08:00:00,2777.85,2777.85,2777.85,2777.85,375,2787.419525372424,2795.4660435927935,2820.3614423300137,17.81737193763898
2026-02-09 09:00:00,2778.85,2773.6,2779.9,2772.65,13902,2786.10338009886,2794.608551687194,2819.8961543466307,15.12287334593556
2026-02-09 10:00:00,2773.55,2767.7,2775.9,2760.7,36975,2784.3506772323017,2793.553314366128,2819.3767896267636,11.682242990654075
2026-02-09 11:00:00,2767.55,2771.5,2773.95,2766.35,12459,2783.126803210178,2792.6884785086327,2818.9004036603283,21.327683615819396
2026-02-09 12:00:00,2771.2,2768.95,2776.5,2768.6,8948,2781.7766314758755,2791.757557782804,2818.4033847184346,19.89459815546782
2026-02-09 13:00:00,2768.85,2770.3,2771.75,2764.95,12300,2780.6836189543637,2790.9160849285763,2817.9247440744703,18.4986595174272
2026-02-09 14:00:00,2770.2,2764.55,2772.65,2763.5,9110,2779.147083815853,2789.88212081373,2817.39365209363,16.974169741698347
2026-02-09 15:00:00,2764.5,2769.7,2772.4,2761.5,16220,2778.2473615476765,2789.0906650955444,2816.919088391206,27.139639639639725
2026-02-09 16:00:00,2769.8,2772.1,2775.85,2769.35,12262,2777.661898543136,2788.424364503562,2816.4731273126868,31.44722524483143
2026-02-09 17:00:00,2772.1,2773.9,2776.75,2770.85,9409,2777.303622491409,2787.8547815818542,2816.049514105596,36.848072562358624
2026-02-09 18:00:00,2773.85,2770.1,2776.2,2768.85,6166,2776.617563206513,2787.1585156374676,2815.5923050100178,31.419284940412012
2026-02-09 19:00:00,2772.0,2775.6,2778.9,2771.75,6153,2776.52065242494,2786.70524051443,2815.1943716268333,41.322314049586865
2026-02-09 20:00:00,2775.95,2772.1,2778.0,2770.4,2558,2776.099637908279,2786.132485984452,2814.7655719091536,39.1772771792361
2026-02-09 21:00:00,2772.0,2773.3,2774.0,2770.9,1875,2775.833005726538,2785.629251239964,2814.3529791538385,41.48727984344461
2026-02-09 22:00:00,2773.25,2772.35,2774.0,2771.0,1566,2775.501290895439,2785.108496289377,2813.935039062756,44.258872651357166
2026-02-09 23:00:00,2772.6,2777.25,2777.95,2772.5,1903,2775.667834619683,2784.8003199643035,2813.5700137984504,53.759011328527265
2026-02-10 08:00:00,2778.65,2778.65,2778.65,2778.65,533,2775.9518503701893,2784.5591309460956,2813.2225509745854,62.42905788876265
2026-02-10 09:00:00,2778.0,2777.0,2778.75,2772.0,5987,2776.0516741444567,2784.2626944384056,2812.8621275818036,56.56324582338879
2026-02-10 10:00:00,2776.95,2785.7,2787.55,2772.1,34425,2776.9705623211753,2784.3190593623895,2812.5918576556164,67.42976066597255
2026-02-10 11:00:00,2785.95,2781.1,2789.65,2780.45,15506,2777.363842100111,2784.192821740335,2812.2785058381473,60.52631578947329
2026-02-10 12:00:00,2781.65,2776.9,2786.45,2773.65,13432,2777.319666662005,2783.9068287309105,2811.926480904435,62.41206030150733
2026-02-10 13:00:00,2776.8,2770.4,2778.3,2768.55,19895,2776.660650789433,2783.3771491728357,2811.513282089465,50.68493150684957
2026-02-10 14:00:00,2770.45,2771.35,2775.3,2765.5,12196,2776.154874523773,2782.905496264097,2811.1136474418086,49.24471299093656
2026-02-10 15:00:00,2771.2,2766.75,2772.45,2764.65,9553,2775.2591721881754,2782.271947390995,2810.6722181140294,43.1839847473784
2026-02-10 16:00:00,2766.75,2771.6,2772.75,2761.85,13549,2774.9106795988255,2781.853439650172,2810.283439824338,51.4018691588785
2026-02-10 17:00:00,2771.5,2763.3,2774.0,2762.0,11550,2773.8049005894136,2781.125853781538,2809.815942910663,39.07637655417426
2026-02-10 18:00:00,2763.3,2763.5,2766.75,2762.0,5790,2772.82348148566,2780.434643829321,2809.3550877573234,41.8867924528302
2026-02-10 19:00:00,2763.55,2764.7,2765.35,2760.45,6939,2772.049816582264,2779.8175989732695,2808.9107585259076,41.88679245282971
2026-02-10 20:00:00,2764.75,2759.35,2765.65,2755.25,8477,2770.840310241096,2779.014948033141,2808.4176166500283,38.67595818815306
2026-02-10 21:00:00,2759.0,2760.2,2760.4,2757.35,2945,2769.8269473609917,2778.277106933802,2807.9378393699285,34.02061855670043
2026-02-10 22:00:00,2760.0,2758.7,2760.45,2758.1,1444,2768.767238088516,2777.509377250123,2807.447910619979,31.337698783909403
2026-02-10 23:00:00,2758.95,2759.15,2761.3,2758.1,4498,2767.8513106515147,2776.789401671687,2806.967334394905,32.91866028708098
2026-02-11 08:00:00,2771.05,2767.95,2771.05,2766.2,213,2767.8607096370847,2776.4427584688756,2806.579102211871,33.04680038204346
2026-02-11 09:00:00,2771.05,2772.3,2774.9,2766.4,14321,2768.283499195458,2776.280297352449,2806.238016617723,41.55470249520164
2026-02-11 10:00:00,2772.4,2776.15,2782.6,2765.7,23072,2769.0326897482714,2776.275187652353,2805.938633367796,49.275362318840564
2026-02-11 11:00:00,2776.15,2774.7,2778.65,2772.45,10747,2769.5724335817695,2776.213415587555,2805.6278011949817,54.6038543897214
2026-02-11 12:00:00,2774.85,2796.2,2797.7,2772.65,51058,2772.1083922882676,2776.9972032115725,2805.5339922278677,68.47583643122682
2026-02-11 13:00:00,2796.15,2788.5,2798.0,2788.35,38101,2773.6694977846228,2777.4482932817073,2805.364499767889,65.4584221748402
2026-02-11 14:00:00,2788.7,2789.6,2795.8,2787.1,15360,2775.1866884718015,2777.924830800072,2805.207639073681,63.51351351351362
2026-02-11 15:00:00,2789.6,2799.05,2809.6,2789.4,46432,2777.4593848078202,2778.7532688079127,2805.146369033147,76.38376383763838
2026-02-11 16:00:00,2799.4,2808.0,2808.0,2798.05,26121,2780.3680148261233,2779.9001994428963,2805.1747633711257,79.08496732026144
2026-02-11 17:00:00,2808.0,2809.35,2811.55,2803.0,17306,2783.1282038903023,2781.0550935823903,2805.216308014199,79.12589693411614
2026-02-11 18:00:00,2809.35,2809.15,2811.75,2803.9,15015,2785.606470186464,2782.156854618375,2805.2554492279883,84.82517482517495
2026-02-11 19:00:00,2809.7,2812.35,2814.5,2807.5,10907,2788.153473025848,2783.3408995353016,2805.3260417729834,85.30805687203802
2026-02-11 20:00:00,2812.2,2807.7,2815.65,2807.4,9352,2790.0150470233866,2784.2961583770543,2805.349663247879,81.81818181818181
2026-02-11 21:00:00,2807.5,2804.5,2810.0,2801.5,8905,2791.394566354493,2785.08846589168,2805.3412088872037,78.43260188087785
2026-02-11 22:00:00,2804.2,2806.3,2807.0,2802.95,2939,2792.8141314635886,2785.9202907586728,2805.350749097281,76.35738831615146
2026-02-11 23:00:00,2806.2,2800.4,2806.2,2796.95,6759,2793.5365951337235,2786.488122493627,2805.301487912234,68.90982503364738
2026-02-12 08:00:00,2803.5,2803.5,2803.5,2803.5,1,2794.4854908352736,2787.1552549448575,2805.283562659376,68.59279401767506
2026-02-12 09:00:00,2803.4,2800.9,2803.4,2795.9,6693,2795.0963964700095,2787.6942645548634,2805.239945120477,67.53681392235643
2026-02-12 10:00:00,2800.65,2792.95,2801.95,2792.75,17090,2794.89197775858,2787.9003718272215,2805.1176571093283,47.34260016353228
2026-02-12 11:00:00,2792.7,2799.8,2801.7,2792.1,14270,2795.3594084482393,2788.367023912429,2805.0647450982906,59.36981757877293
2026-02-12 12:00:00,2799.7,2815.55,2817.0,2797.85,31721,2797.2823219293596,2789.433022974687,2805.169075992835,67.3115410273517
2026-02-12 13:00:00,2815.55,2816.5,2820.65,2813.4,35671,2799.1125769837063,2790.494473054111,2805.2818215053444,63.130173062452876
2026-02-12 14:00:00,2816.0,2814.25,2817.4,2812.7,8313,2800.5542363185914,2791.426062346107,2805.3710571122565,55.230125523012546
2026-02-12 15:00:00,2814.25,2816.0,2818.9,2812.0,11308,2802.0252614311066,2792.3897461756715,2805.476817738005,55.52784704904413
2026-02-12 16:00:00,2816.15,2814.1,2817.7,2811.4,7964,2803.1752365329057,2793.2411286785864,2805.5626205465824,54.001616814874524
2026-02-12 17:00:00,2814.4,2817.85,2818.15,2811.25,9083,2804.5728330535817,2794.206182455897,2805.6848830287063,54.40705128205125
2026-02-12 18:00:00,2818.15,2814.95,2820.65,2814.15,12585,2805.5611346675264,2795.019665496842,2805.7770732473264,55.9769167353668
2026-02-12 19:00:00,2814.1,2804.5,2815.05,2800.25,14917,2805.460074223,2795.3914433204955,2805.7643660508356,50.0
2026-02-12 20:00:00,2804.15,2803.4,2807.35,2802.0,3978,2805.2638766779523,2795.7055043667506,2805.740840020479,47.84226190476185
2026-02-12 21:00:00,2802.55,2805.35,2806.15,2800.65,3551,2805.2720788991,2796.08371988178,2805.7369510650515,53.913043478260725
2026-02-12 22:00:00,2804.45,2800.2,2811.1,2798.7,6722,2804.7890237658526,2796.245142631514,2805.6818570246032,47.47320061255729
2026-02-12 23:00:00,2800.1,2800.15,2803.0,2796.2,7425,2804.347211978629,2796.398274293024,2805.626813671125,49.40239043824701
2026-02-13 08:00:00,2802.0,2802.0,2802.0,2802.0,41,2804.123667980664,2796.6179498109445,2805.590725972905,57.98764342453684
2026-02-13 09:00:00,2801.05,2797.0,2802.4,2795.75,8545,2803.4452234110768,2796.6329321712997,2805.5052461124783,47.44525547445235
2026-02-13 10:00:00,2796.6,2804.1,2805.0,2794.25,17399,2803.5075830862124,2796.9257583606604,2805.491263564096,37.59479956663004
2026-02-13 11:00:00,2803.95,2798.9,2809.8,2797.55,14292,2803.06876564943,2797.003179601419,2805.4256788520156,32.539682539682346
2026-02-13 12:00:00,2798.6,2798.3,2805.9,2791.55,15762,2802.6145974923415,2797.054035303325,2805.3547765748813,33.64102564102552
2026-02-13 13:00:00,2798.6,2822.3,2823.95,2788.35,84216,2804.4893977311663,2798.044073134567,2805.523385763191,54.43661971831005
2026-02-13 14:00:00,2822.25,2816.25,2827.2,2815.15,20155,2805.609455090103,2798.758031050859,2805.6301182431594,51.4304723885563
2026-02-13 15:00:00,2816.25,2816.95,2824.1,2813.1,18075,2806.6895069862835,2799.471441597884,2805.7427538825314,49.375866851594935
2026-02-13 16:00:00,2817.4,2817.6,2820.25,2812.35,14466,2807.7286015590184,2800.1823654567906,2805.8607364309637,51.89692197566223
2026-02-13 17:00:00,2817.5,2820.8,2821.55,2815.95,8254,2808.973496648636,2800.9909001447595,2806.00938581971,63.01916932907374
2026-02-13 18:00:00,2820.8,2822.55,2823.6,2820.0,11170,2810.2664969678135,2801.836355041043,2806.1739690453846,65.1383399209488
2026-02-13 19:00:00,2820.9,2819.75,2823.45,2818.4,3941,2811.169687732784,2802.5388509217864,2806.3090539305053,61.232449297972
2026-02-13 20:00:00,2819.75,2823.6,2825.0,2819.0,3648,2812.353526996328,2803.364778336618,2806.4811031451272,68.6305732484078
2026-02-13 21:00:00,2824.0,2829.75,2829.85,2823.9,5066,2814.010333949059,2804.399492911653,2806.712634457116,71.48040638606668
2026-02-13 22:00:00,2829.3,2828.1,2829.75,2826.55,2307,2815.3522069062915,2805.3289245621763,2806.925444064508,68.99563318777278
2026-02-13 23:00:00,2828.2,2827.2,2828.3,2825.05,3570,2816.480568153311,2806.1866137950324,2807.1271809394884,73.3746130030957
2026-02-16 08:00:00,2833.1,2833.1,2833.1,2833.1,156,2818.0633711863293,2807.2420407050313,2807.385616950041,72.87066246056763
2026-02-16 09:00:00,2833.1,2833.15,2835.0,2830.1,10872,2819.5001929781074,2808.2580391087554,2807.6419789704387,79.39914163090083
2026-02-16 10:00:00,2833.45,2830.85,2837.35,2826.8,20519,2820.5811269801925,2809.1439983593923,2807.8729045528225,77.14762301918189
2026-02-16 11:00:00,2830.95,2829.0,2833.15,2828.05,11261,2821.3829244106505,2809.9226650903965,2808.0831244080186,58.86243386243336
2026-02-16 12:00:00,2829.0,2834.85,2835.55,2828.0,9207,2822.665503038208,2810.900207635871,2808.3494614785855,74.73404255319083
2026-02-16 13:00:00,2834.85,2833.6,2836.4,2831.1,5680,2823.706883701236,2811.7903955717193,2808.6007106181023,71.8217562254255
2026-02-16 14:00:00,2833.25,2826.45,2833.8,2823.75,13720,2823.968132872547,2812.365282019887,2808.7783154875738,59.910414333706285
2026-02-16 15:00:00,2826.45,2830.25,2831.35,2825.0,5309,2824.5664059323044,2813.0666435093035,2808.991964089688,60.44198895027583
2026-02-16 16:00:00,2830.0,2830.55,2834.2,2828.55,4954,2825.1362720339894,2813.752265332468,2809.206471909691,59.13242009132397
2026-02-16 17:00:00,2830.5,2822.1,2831.5,2820.05,11271,2824.8471032688476,2814.079627476293,2809.334765721535,52.37613751263887
2026-02-16 18:00:00,2822.15,2821.45,2824.6,2820.1,5439,2824.5235696241957,2814.368661692909,2809.4553153163456,47.67567567567565
2026-02-16 19:00:00,2820.75,2823.35,2825.55,2820.1,4079,2824.4118010885577,2814.720871038285,2809.5935708853376,42.380952380952515
2026-02-16 20:00:00,2823.35,2823.9,2823.9,2821.3,1682,2824.3630581277425,2815.0808368799208,2809.7359234138416,44.86552567237204
2026-02-16 21:00:00,2823.75,2822.35,2824.0,2820.95,1331,2824.171338306053,2815.365902100316,2809.861436613704,44.16365824308095
2026-02-16 22:00:00,2822.45,2822.55,2822.65,2821.5,669,2824.0169251340476,2815.647631429715,2809.987690975757,35.285913528592445
2026-02-16 23:00:00,2822.5,2822.75,2823.4,2822.0,756,2823.896265597472,2815.9261556873735,2810.1146791252518,35.55555555555597
2026-02-17 08:00:00,2824.8,2824.1,2824.8,2823.7,20,2823.915668873903,2816.2466986015943,2810.2538365468913,40.37089871612013
2026-02-17 09:00:00,2824.8,2826.95,2829.3,2821.0,7334,2824.204652790674,2816.666435911336,2810.419967526524,47.15672676837709
2026-02-17 10:00:00,2826.95,2823.9,2830.9,2822.75,13796,2824.1756382391814,2816.950105091284,2810.554097202877,33.533834586466895
2026-02-17 11:00:00,2823.8,2823.7,2825.35,2817.2,15357,2824.130339359259,2817.21480685241,2810.6849022058336,34.62732919254701
2026-02-17 12:00:00,2824.1,2826.7,2829.75,2820.65,11345,2824.3750689440917,2817.5867752111394,2810.844256412741,50.44563279857396
2026-02-17 13:00:00,2827.1,2824.4,2828.9,2822.65,5170,2824.377443330369,2817.8539604969774,2810.9791394335098,38.98305084745807
2026-02-17 14:00:00,2824.55,2820.15,2826.7,2819.8,5014,2823.9748296798575,2817.944001261802,2811.0703917774554,32.950819672131246
2026-02-17 15:00:00,2820.15,2815.0,2822.3,2811.25,11063,2823.1200839960616,2817.8285502319277,2811.109492356784,36.948529411764994
2026-02-17 16:00:00,2815.0,2810.25,2818.0,2808.5,19258,2821.8943617107225,2817.5313521836165,2811.10094019403,32.10862619808347
2026-02-17 17:00:00,2810.2,2807.35,2813.9,2805.5,17468,2820.5091844049393,2817.1320834705334,2811.06361740603,25.232198142415
2026-02-17 18:00:00,2807.0,2805.2,2809.7,2804.75,8929,2819.0511668425643,2816.664158628552,2811.005272954229,22.418879056046862
2026-02-17 19:00:00,2805.55,2807.65,2809.9,2804.0,7200,2817.965341428987,2816.3106622117457,2810.9718871536897,28.879310344827957
2026-02-17 20:00:00,2807.6,2813.0,2818.4,2807.5,8898,2817.4924517690833,2816.1808323210894,2810.9920673810166,38.047559449311365
2026-02-17 21:00:00,2812.55,2814.25,2815.0,2808.5,3888,2817.1836468386946,2816.105113406537,2811.024484621006,39.63414634146341
2026-02-17 22:00:00,2814.3,2813.7,2814.45,2811.75,1522,2816.851870949295,2816.0107952337316,2811.0511066645786,37.06467661691539
2026-02-17 23:00:00,2813.35,2812.0,2813.9,2810.3,1899,2816.389788001743,2815.8535091461345,2811.060548389309,30.857874519846675
2026-02-18 08:00:00,2810.0,2810.0,2810.0,2810.0,19,2815.781236763482,2815.6239597678546,2811.0499956690173,31.71052631578958
2026-02-18 09:00:00,2809.55,2805.4,2809.55,2802.15,11116,2814.7925475479124,2815.2230201691154,2810.993776806639,28.419811320755088
2026-02-18 10:00:00,2805.5,2815.55,2816.8,2804.3,21664,2814.864685876683,2815.2358429075816,2811.039112360802,38.74873864783088
2026-02-18 11:00:00,2815.85,2811.9,2817.35,2810.35,13707,2814.5823348408085,2815.105025538657,2811.0476784069633,37.721021611002094
2026-02-18 12:00:00,2812.0,2799.2,2815.0,2797.0,34936,2813.1173505702554,2814.4812990469454,2810.9297910596306,32.350463352990744
2026-02-18 13:00:00,2799.15,2802.55,2807.95,2796.2,27199,2812.110936230231,2814.013404966673,2810.8464100540623,39.18331885317152
2026-02-18 14:00:00,2802.75,2800.15,2804.4,2797.15,9209,2810.9717994463995,2813.469742026804,2810.7399781132262,40.8514492753626
2026-02-18 15:00:00,2800.15,2805.4,2807.9,2798.25,13358,2810.4411518800757,2813.1532815551645,2810.686844002647,48.30582102519568
2026-02-18 16:00:00,2805.0,2812.0,2812.0,2804.25,15562,2810.5896136057827,2813.1080548275113,2810.699910231476,55.48387096774199
2026-02-18 17:00:00,2812.05,2810.4,2813.7,2808.5,12834,2810.571555167137,2813.0018565989812,2810.6969260500687,52.248569092395726
2026-02-18 18:00:00,2810.4,2817.55,2818.5,2810.05,16599,2811.236168960743,2813.180215163727,2810.7651158406156,53.61397934868953
2026-02-18 19:00:00,2817.55,2816.7,2818.5,2815.25,3463,2811.7565338216245,2813.3182459416203,2810.8241694143408,51.9584332533971
2026-02-18 20:00:00,2816.7,2818.1,2822.5,2816.6,7579,2812.3606734576606,2813.5057657086154,2810.896565738576,53.47003154574134
2026-02-18 21:00:00,2818.5,2818.35,2819.35,2816.35,2726,2812.9310855093117,2813.6957356808266,2810.9707292635658,55.12510088781258
2026-02-18 22:00:00,2818.7,2818.5,2820.0,2817.2,1591,2813.4614583179487,2813.8841382031474,2811.0456473803465,57.071547420964905
2026-02-18 23:00:00,2818.5,2818.7,2819.5,2816.85,1581,2813.9603670495726,2814.072995528514,2811.12181009298,61.938958707360364
2026-02-19 08:00:00,2822.0,2822.0,2822.0,2822.0,28,2814.7260463781845,2814.3838584489645,2811.2300507885725,56.60184237461582
2026-02-19 09:00:00,2821.95,2822.55,2824.0,2819.3,6857,2815.4711848183574,2814.704099294103,2811.3426870991343,61.63934426229483
2026-02-19 10:00:00,2822.55,2823.65,2829.65,2821.2,24536,2816.2501195975615,2815.054918929628,2811.4651479240188,85.79795021961868
2026-02-19 11:00:00,2823.05,2823.2,2824.6,2819.55,10554,2816.9120129692224,2815.374333873564,2811.5819126212923,83.03999999999846
2026-02-19 12:00:00,2823.4,2817.25,2828.6,2816.25,15565,2816.944202210249,2815.447889407934,2811.638311500683,74.5689655172408
2026-02-19 13:00:00,2817.4,2817.8,2821.0,2813.6,12211,2817.025706761654,2815.5401290389955,2811.6996218340096,70.59800664451787
2026-02-19 14:00:00,2817.95,2812.9,2820.5,2812.4,5820,2816.6327823081633,2815.4365945668783,2811.7115658953626,51.58450704225363
2026-02-19 15:00:00,2812.7,2810.7,2813.3,2808.0,10004,2816.067755421672,2815.250845760334,2811.7015005630706,50.51724137930985
2026-02-19 16:00:00,2810.8,2812.95,2813.25,2808.65,9041,2815.7708263338936,2815.160616514831,2811.71392344304,40.45643153526946
2026-02-19 17:00:00,2812.4,2812.3,2812.75,2808.75,7650,2815.4402714449516,2815.048435475034,2811.719755050572,40.79497907949888
2026-02-19 18:00:00,2812.35,2806.55,2812.35,2805.3,8659,2814.5935789263845,2814.715163495621,2811.6683147018102,29.557522123894614
2026-02-19 19:00:00,2807.0,2808.85,2809.0,2806.05,3397,2814.046571409586,2814.485157084028,2811.640271769454,34.323432343234415
2026-02-19 20:00:00,2808.9,2807.3,2811.45,2807.1,6506,2813.4040407991492,2814.2033862179874,2811.5970849856785,32.334384858044345
2026-02-19 21:00:00,2807.7,2808.5,2809.15,2807.2,1021,2812.9369892944683,2813.9797240133603,2811.566268219652,34.403669724770836
2026-02-19 22:00:00,2808.1,2807.95,2808.85,2807.55,547,2812.46203793309,2813.7432642481303,2811.5302854512975,26.544240400667334
2026-02-19 23:00:00,2807.65,2807.2,2809.4,2806.7,1468,2811.9608914632718,2813.4866656501645,2811.487198033872,24.543946932005724
2026-02-20 08:00:00,2809.1,2809.1,2809.1,2809.1,1,2811.688425609627,2813.3146395462363,2811.463444819605,26.49434571890103
2026-02-20 09:00:00,2808.05,2811.45,2812.05,2807.05,7294,2811.66571840871,2813.241516426776,2811.4633110403056,32.11567732115647
2026-02-20 10:00:00,2811.7,2812.8,2816.1,2809.3,13218,2811.773745226928,2813.224202057099,2811.4766114279646,42.123893805310054
2026-02-20 11:00:00,2813.0,2814.15,2816.4,2812.2,11220,2812.000055205316,2813.2605078587817,2811.5032123092783,43.717728055077245
2026-02-20 12:00:00,2814.35,2809.25,2815.0,2807.35,11224,2811.738145185762,2813.10323304079,2811.4807922863006,43.717728055077245
2026-02-20 13:00:00,2809.1,2808.7,2813.5,2800.9,41317,2811.4487980252134,2812.930557235269,2811.453122711313,46.35036496350361
2026-02-20 14:00:00,2809.35,2813.4,2814.05,2806.95,7096,2811.6346267847166,2812.948966755455,2811.4724946246333,50.75376884422156
2026-02-20 15:00:00,2813.85,2818.8,2819.15,2813.75,12543,2812.3170432814104,2813.1784190395547,2811.545405125881,59.39306358381493
2026-02-20 16:00:00,2818.9,2818.15,2819.95,2815.9,5930,2812.872562968895,2813.3733829987877,2811.6111224878127,69.66101694915208
2026-02-20 17:00:00,2818.15,2815.85,2818.85,2815.1,4553,2813.156128400429,2813.4705052341296,2811.653300373506,61.86440677966065
2026-02-20 18:00:00,2815.85,2814.75,2816.85,2812.2,8423,2813.307925695626,2813.520681499458,2811.6841133051134,62.82271944922468
2026-02-20 19:00:00,2815.0,2816.3,2816.6,2813.15,3296,2813.5928851531858,2813.6296743818325,2811.730042525958,63.265306122448635
2026-02-20 20:00:00,2816.0,2815.1,2816.15,2813.6,1059,2813.7364199005015,2813.687334209996,2811.763574441123,61.896838602329
2026-02-20 21:00:00,2814.3,2814.9,2815.9,2814.3,1471,2813.8472370528348,2813.734889731173,2811.7947826556397,63.05084745762698
2026-02-20 22:00:00,2815.15,2815.1,2815.45,2814.3,1127,2813.9665478097077,2813.7884234672056,2811.82767039041,60.7913669064744
2026-02-20 23:00:00,2815.2,2814.75,2815.3,2813.5,1705,2814.0411623040213,2813.8261323508445,2811.856748296973,56.39534883720938
2026-02-21 09:00:00,2815.9,2815.9,2815.9,2815.9,1,2814.218194465543,2813.9074604939487,2811.8969796572023,56.05468749999963
2026-02-21 10:00:00,2815.9,2815.1,2816.45,2812.3,701,2814.302175945015,2813.9542267490883,2811.9288505063846,51.89620758482989
2026-02-21 11:00:00,2814.9,2815.3,2815.9,2813.6,770,2814.3972068073945,2814.007002170693,2811.9623942824405,64.86486486486439
2026-02-21 12:00:00,2815.85,2816.25,2816.6,2815.5,580,2814.5736633019283,2814.0949628698813,2812.0050570258986,68.19277108433698
2026-02-21 13:00:00,2816.05,2815.15,2816.6,2815.1,72,2814.628552511268,2814.1363368749844,2812.036349990815,55.10204081632637
2026-02-21 14:00:00,2815.15,2815.35,2816.8,2815.0,541,2814.697261795909,2814.183931507338,2812.069321632697,35.56485355648455
2026-02-21 15:00:00,2815.8,2815.2,2816.0,2815.2,606,2814.7451416248705,2814.2237773305797,2812.1004726612277,37.117903930130126
2026-02-21 16:00:00,2815.8,2815.45,2815.85,2815.45,35,2814.8122709939303,2814.2718644940865,2812.133801291465,47.872340425531455
2026-02-21 17:00:00,2815.3,2815.15,2816.0,2815.05,166,2814.8444356611753,2814.306301180593,2812.1638132189128,52.32558139534938
2026-02-21 18:00:00,2815.8,2815.75,2816.25,2815.2,174,2814.93067988392,2814.36291682057,2812.199496669471,46.405228758168576
2026-02-22 09:00:00,2819.55,2819.55,2819.55,2819.55,150,2815.3706151330707,2814.5663318472143,2812.2726360060933,71.70731707317303
2026-02-22 10:00:00,2815.95,2822.25,2822.35,2815.95,4397,2816.0257946442066,2814.8676521669313,2812.3719132597644,78.82352941176538
2026-02-22 11:00:00,2822.0,2820.9,2822.25,2817.6,860,2816.4900046780917,2815.1042148270517,2812.4567698442447,70.8633093525192
2026-02-22 12:00:00,2821.4,2821.05,2821.45,2819.5,720,2816.9242899468445,2815.3373828730496,2812.542274621914,72.99270072992798
2026-02-22 13:00:00,2820.5,2820.25,2822.2,2820.25,562,2817.2410242376213,2815.5300345250866,2812.618968406771,66.29213483146044
2026-02-22 14:00:00,2820.3,2819.65,2820.9,2818.9,598,2817.470450500705,2815.6916017986127,2812.6889289201363,67.30038022813805
2026-02-22 15:00:00,2819.7,2820.6,2820.6,2818.95,172,2817.768502833971,2815.8840880025887,2812.7676460453094,69.06474820143899
2026-02-22 16:00:00,2820.1,2820.4,2822.2,2819.95,380,2818.019121611688,2816.0611825907226,2812.8435898657544,65.7794676806097
2026-02-22 17:00:00,2820.1,2823.2,2823.45,2819.7,915,2818.5125386010513,2816.3411362146157,2812.9466387228117,77.10437710437802
2026-02-22 18:00:00,2823.2,2822.1,2823.5,2821.1,593,2818.8542015914277,2816.566974010121,2813.0377169444755,71.42857142857267
2026-02-23 09:00:00,2823.7,2823.0,2823.7,2823.0,2,2819.249039535101,2816.819249539136,2813.1368441390578,73.63636363636549
2026-02-23 10:00:00,2823.0,2823.8,2827.2,2820.2,3565,2819.682464341282,2817.0930044591696,2813.242945192401,74.4868035190637
2026-02-23 11:00:00,2823.8,2824.0,2824.85,2822.5,2367,2820.093658213541,2817.3638670293985,2813.349980563621,76.1061946902662
2026-02-23 12:00:00,2823.45,2822.3,2823.65,2821.9,1140,2820.3037860027275,2817.557440871383,2813.4390354833863,68.14404432133088
2026-02-23 13:00:00,2822.3,2824.05,2824.3,2822.2,1226,2820.6605682881823,2817.812051033289,2813.54461721987,64.0625000000008
2026-02-23 14:00:00,2824.05,2822.8,2825.45,2822.8,1318,2820.864323689308,2818.007656875121,2813.6367105808663,51.89003436426188
2026-02-23 15:00:00,2822.8,2823.8,2823.95,2821.8,972,2821.143911909374,2818.234807585901,2813.7378378387684,60.21126760563458
2026-02-23 16:00:00,2823.65,2824.05,2824.45,2822.4,1366,2821.4206822037195,2818.462854347238,2813.8404464174873,60.48951048951102
2026-02-23 17:00:00,2824.05,2825.05,2825.4,2823.5,614,2821.766331517651,2818.7211737846014,2813.95198426408,66.5517241379327
2026-02-23 18:00:00,2825.4,2827.0,2827.05,2824.55,1191,2822.2647761350177,2819.0458336361858,2814.0818152664274,73.18611987381821
2026-02-24 08:00:00,2826.5,2826.5,2826.5,2826.5,6,2822.6681307888257,2819.3381538857475,2814.205379293627,69.15584415584547
2026-02-24 09:00:00,2827.0,2824.75,2828.4,2823.35,12334,2822.866404047033,2819.55038314513,2814.310300892696,62.83185840707986
2026-02-24 10:00:00,2824.75,2839.85,2841.1,2822.65,40944,2824.483889375887,2820.346446551204,2814.564427251973,78.46153846153906
2026-02-24 11:00:00,2840.0,2832.7,2841.5,2830.7,16995,2825.266376101993,2820.8308996276273,2814.7448807121527,65.014164305949
2026-02-24 12:00:00,2832.7,2827.75,2834.5,2826.5,13670,2825.502911711327,2821.102236897132,2814.874284884171,56.03557814485395
2026-02-24 13:00:00,2828.0,2818.8,2829.45,2817.1,22363,2824.8645391673913,2821.0119530972447,2814.91334672612,44.73684210526306
2026-02-24 14:00:00,2818.8,2818.85,2820.9,2814.25,14969,2824.291725913354,2820.927170622843,2814.952517405462,44.561774023231045
2026-02-24 15:00:00,2818.8,2818.25,2821.15,2817.4,5099,2823.7163234454156,2820.8221835395943,2814.985328177547,45.621621621621344
2026-02-24 16:00:00,2818.25,2809.45,2819.6,2809.0,20814,2822.3576259744236,2820.376215557649,2814.9302502852333,36.303939962476015
2026-02-24 17:00:00,2809.1,2809.4,2811.0,2806.0,16868,2821.123566357812,2819.945775731859,2814.8752229192114,37.14011516314746
2026-02-24 18:00:00,2809.4,2805.85,2809.4,2805.0,10395,2819.668940990401,2819.3930002129628,2814.7854197060847,33.57731015553473
2026-02-24 19:00:00,2805.8,2808.95,2810.8,2804.7,10233,2818.648089467506,2818.9834707928467,2814.7273558284123,36.86956521739078
2026-02-24 20:00:00,2809.1,2808.3,2809.4,2807.1,2891,2817.6625571372674,2818.5645111539116,2814.6634020390748,35.345581802274395
2026-02-24 21:00:00,2807.8,2810.9,2811.0,2807.8,1384,2817.0185040765755,2818.2639420890523,2814.625955252616,36.07266435986138
2026-02-24 22:00:00,2810.9,2810.65,2811.9,2808.85,2300,2816.4119798788065,2817.9653561247756,2814.586393508809,36.22936576889641
2026-02-24 23:00:00,2810.85,2811.3,2811.3,2808.1,2159,2815.9251246522535,2817.7039696100783,2814.553693075886,38.08680248007079
2026-02-25 08:00:00,2812.6,2812.6,2812.6,2812.6,74,2815.608446113944,2817.503813939095,2814.5342533437874,18.053927315356603
2026-02-25 09:00:00,2812.25,2812.6,2815.4,2810.8,10400,2815.3219274364255,2817.311507510111,2814.5150070418595,21.690140845069465
2026-02-25 10:00:00,2812.5,2811.65,2818.85,2810.95,16614,2814.972220061528,2817.089487607754,2814.4864995091048,24.444444444443477
2026-02-25 11:00:00,2811.85,2815.4,2815.6,2811.65,6192,2815.012961008049,2817.023233191764,2814.495589066228,43.53612167300334
2026-02-25 12:00:00,2815.3,2817.8,2819.55,2814.4,9549,2815.278393292997,2817.0536946352245,2814.528468777012,48.16753926701613
2026-02-25 13:00:00,2817.8,2813.5,2818.4,2812.05,10334,2815.1090225031876,2816.9143340612945,2814.518235256843,42.6584234930447
2026-02-25 14:00:00,2813.7,2815.75,2821.15,2812.95,11040,2815.1700679790742,2816.868673902028,2814.530491622447,62.209302325582094
2026-02-25 15:00:00,2815.85,2811.05,2817.0,2809.85,7373,2814.777680552496,2816.6404906117523,2814.4958598650096,52.709359605911544
2026-02-25 16:00:00,2811.0,2818.15,2818.9,2809.05,8530,2815.098853833211,2816.6996870583503,2814.532219468343,68.08823529411839
2026-02-25 17:00:00,2818.2,2817.0,2819.5,2814.25,9749,2815.279915372905,2816.7114640364543,2814.5567744985087,62.55850234009417
2026-02-25 18:00:00,2816.95,2825.3,2829.0,2815.8,17162,2816.2342091469145,2817.0482693683584,2814.6636722646927,71.41057934508827
2026-02-25 19:00:00,2824.55,2824.75,2826.95,2823.5,4548,2817.0452368472083,2817.35029802058,2814.764033734696,68.39309428950847
2026-02-25 20:00:00,2825.05,2827.5,2829.25,2824.55,7194,2818.0409285760456,2817.7483255491848,2814.890759767187,70.98381070983794
2026-02-25 21:00:00,2827.6,2825.0,2828.6,2824.5,2452,2818.7036972830892,2818.032704939413,2814.99134922224,66.3095238095236
2026-02-25 22:00:00,2824.95,2821.7,2826.05,2819.1,5895,2818.989059446604,2818.176520431985,2815.0581019662977,60.34090909090888
2026-02-25 23:00:00,2821.9,2825.25,2825.3,2821.1,1817,2819.5853394993082,2818.453911787594,2815.159513887031,63.30178759200833
2026-02-26 08:00:00,2826.15,2826.15,2826.15,2826.15,5,2820.210545261279,2818.7557191684728,2815.268871957807,65.26315789473655
2026-02-26 09:00:00,2826.1,2828.95,2830.6,2823.7,8581,2821.042874284014,2819.1554948873563,2815.4050025850925,64.55424274973097
2026-02-26 10:00:00,2828.9,2823.6,2828.9,2820.85,12996,2821.2864100664888,2819.3297892054993,2815.4865448479272,55.85858585858553
2026-02-26 11:00:00,2823.6,2822.2,2828.15,2820.2,12151,2821.373418631585,2819.442346491558,2815.553345396704,59.33476394849758
2026-02-26 12:00:00,2822.15,2822.45,2824.55,2819.15,5938,2821.475950190482,2819.5602936879673,2815.621968825593,57.51121076233158
2026-02-26 13:00:00,2822.15,2824.8,2825.6,2821.9,4576,2821.792526362817,2819.765772366871,2815.7132925188707,66.27218934911207
2026-02-26 14:00:00,2824.8,2820.3,2824.85,2818.35,8692,2821.65038099493,2819.786722470131,2815.7589313992803,52.71122320302653
2026-02-26 15:00:00,2820.4,2819.2,2820.85,2815.35,11292,2821.4170113763653,2819.763713745812,2815.793170887845,52.77777777777745
2026-02-26 16:00:00,2818.75,2820.55,2820.7,2816.25,3834,2821.3344388643304,2819.794548500878,2815.8405025208017,42.725880551302005
2026-02-26 17:00:00,2820.55,2814.2,2820.8,2811.45,12928,2820.6549684962993,2819.5751544420204,2815.8241791126347,36.28088426527992
2026-02-26 18:00:00,2814.15,2810.9,2815.75,2809.1,16295,2819.725923877604,2819.2349523070393,2815.7751823055437,28.717948717949582
2026-02-26 19:00:00,2810.95,2812.2,2814.85,2810.5,5172,2819.009169222594,2818.959071824411,2815.739608352255,33.06878306878332
2026-02-26 20:00:00,2812.25,2814.8,2814.95,2809.6,4299,2818.6082959632995,2818.7959709685515,2815.730259015417,40.70080862533774
2026-02-26 21:00:00,2814.8,2814.1,2815.95,2812.7,2718,2818.1789344429853,2818.6118152442946,2815.7140375326762,33.72262773722679
2026-02-26 22:00:00,2814.25,2813.95,2816.35,2813.15,2638,2817.7761787817485,2818.428998960205,2815.696484920411,31.791044776119733
2026-02-26 23:00:00,2813.55,2813.65,2814.15,2811.9,1443,2817.383209373963,2818.2415872362753,2815.676121886377,25.322580645162816
2026-02-27 08:00:00,2813.65,2813.65,2813.65,2813.65,5,2817.0276656240617,2818.061524991716,2815.655961469597,30.604288499026794
2026-02-27 09:00:00,2813.7,2807.65,2813.7,2806.0,9047,2816.1345546122466,2817.6532298940015,2815.5763001614423,25.950413223142036
2026-02-27 10:00:00,2807.65,2812.4,2816.0,2807.05,11510,2815.7788827444137,2817.4472208785505,2815.5446951847116,35.539568345324696
2026-02-27 11:00:00,2812.5,2814.25,2815.75,2810.0,6313,2815.6332748639934,2817.321839667627,2815.5318126455604,34.59854014598555
2026-02-27 12:00:00,2814.25,2815.3,2817.0,2812.95,5892,2815.601534400756,2817.2425518375244,2815.529506052072,41.883116883117175
2026-02-27 13:00:00,2815.25,2814.15,2815.4,2811.55,4307,2815.4632930292555,2817.121275294877,2815.5157796236936,41.81523500810439
2026-02-27 14:00:00,2813.75,2821.0,2823.75,2813.75,16866,2815.9905984550405,2817.273382146058,2815.570348980672,50.6189821182941
2026-02-27 15:00:00,2821.3,2822.4,2823.4,2819.15,6447,2816.601017649799,2817.4744259834674,2815.6383057072326,63.05732484076473
2026-02-27 16:00:00,2822.35,2828.45,2828.95,2821.15,19070,2817.729492159342,2817.9048406507827,2815.7657852524344,75.69546120058519
2026-02-27 17:00:00,2828.7,2830.1,2830.5,2826.9,13731,2818.9076357632143,2818.3830821938895,2815.908414254898,75.94202898550704
2026-02-27 18:00:00,2830.05,2829.5,2830.4,2824.55,10346,2819.916432357194,2818.819039754914,2816.0436539140537,72.61538461538433
2026-02-27 19:00:00,2829.95,2826.15,2832.1,2826.15,6977,2820.5101054660327,2819.106528391976,2816.144214571625,67.14082503556232
2026-02-27 20:00:00,2826.55,2827.4,2828.6,2824.0,5289,2821.1662858978393,2819.431762572683,2816.256212436584,68.55172413793164
2026-02-27 21:00:00,2827.4,2827.65,2830.25,2827.05,2651,2821.7837824789976,2819.7540463933624,2816.369583457116,69.33701657458573
2026-02-27 22:00:00,2827.35,2826.4,2827.8,2826.05,812,2822.223422242903,2820.0146720249954,2816.4693885968463,67.02269692923906
2026-02-27 23:00:00,2826.5,2827.75,2829.0,2826.2,2393,2822.749762981674,2820.318018220094,2816.5816334864303,80.64024390243914
2026-02-28 09:00:00,2826.0,2826.0,2826.0,2826.0,33,2823.059309364372,2820.5408410349924,2816.6753485761174,72.81879194630878
2026-02-28 10:00:00,2827.2,2830.0,2835.25,2826.0,7454,2823.7203275201464,2820.911788445385,2816.807932172375,74.6478873239438
2026-02-28 11:00:00,2831.1,2834.8,2835.35,2829.75,3394,2824.7755344229895,2821.4564241926246,2816.9869577228988,77.31092436974804
2026-02-28 12:00:00,2834.35,2838.25,2839.8,2832.75,5743,2826.058816858895,2822.114995792914,2817.19853028287,81.71052631578974
2026-02-28 13:00:00,2838.25,2838.05,2840.45,2835.9,2498,2827.200834300905,2822.7398979186823,2817.4060075934885,77.19298245614112
2026-02-28 14:00:00,2838.65,2838.0,2839.45,2836.8,1319,2828.2293262722474,2823.3383332944204,2817.610922940817,76.00000000000024
2026-02-28 15:00:00,2837.9,2833.65,2838.85,2831.6,3778,2828.7455809129856,2823.742712380914,2817.770515747376,59.18727915194404
2026-02-28 16:00:00,2834.0,2837.5,2838.0,2833.75,2542,2829.579335111749,2824.2822138561723,2817.9668290235218,62.13114754098394
2026-02-28 17:00:00,2836.8,2837.8,2840.6,2836.45,3060,2830.362255577297,2824.812323116715,2818.1641740083624,63.74172185430502
2026-02-28 18:00:00,2837.8,2846.95,2846.95,2837.8,7354,2831.9420407604116,2825.6804673082165,2818.4506001376326,78.88888888888887
2026-03-01 09:00:00,2846.95,2846.95,2846.95,2846.95,93,2833.3713702118007,2826.514566629463,2818.734176255666,78.12949640287768
2026-03-01 10:00:00,2846.9,2855.0,2855.0,2842.85,10977,2835.4312397154386,2827.6316424479155,2819.095030223272,82.13866039953007
2026-03-01 11:00:00,2855.0,2848.75,2858.25,2848.05,5088,2836.6996930758733,2828.4598133323107,2819.3901045494085,73.50157728706628
2026-03-01 12:00:00,2848.55,2847.4,2848.55,2841.6,4840,2837.71876992579,2829.2025657506515,2819.6688099767775,70.66246056782356
2026-03-01 13:00:00,2847.35,2848.8,2849.9,2846.0,2041,2838.774125170953,2829.971092583959,2819.9586725640734,74.15254237288164
2026-03-01 14:00:00,2847.65,2851.3,2852.7,2847.65,4471,2839.9670656308626,2830.807520325765,2820.2705265684112,73.30415754923443
2026-03-01 15:00:00,2851.2,2851.4,2852.45,2850.5,830,2841.0559165231616,2831.6150685482844,2820.580272572706,70.24390243902451
2026-03-01 16:00:00,2851.4,2854.3,2855.0,2847.65,3300,2842.31725780667,2832.504673703254,2820.9157922485992,69.83930778739216
2026-03-01 17:00:00,2854.3,2856.2,2858.75,2852.65,7455,2843.6394237298446,2833.4339021854794,2821.2668788928922,71.53024911032004
2026-03-01 18:00:00,2856.25,2853.5,2859.75,2852.05,9747,2844.578526231764,2834.2208079821276,2821.5876064660974,67.29910714285742
2026-03-02 08:00:00,2853.0,2853.4,2853.55,2853.0,107,2845.4186665906436,2834.9729331592994,2821.9041476952907,74.35265104808921
2026-03-02 09:00:00,2852.95,2843.1,2853.3,2837.5,30957,2845.1978412010585,2835.2916416628564,2822.1150516983225,55.95744680851059
2026-03-02 10:00:00,2843.05,2863.15,2864.2,2841.25,43821,2846.907570610482,2836.384126303529,2822.523359641623,68.98876404494388
2026-03-02 11:00:00,2862.85,2863.0,2872.95,2861.1,37063,2848.440182933293,2837.4278860563318,2822.926112282005,63.89610389610405
2026-03-02 12:00:00,2863.65,2864.25,2864.3,2858.6,21551,2849.9458797967886,2838.479733661966,2823.3372952443733,64.6610169491527
2026-03-02 13:00:00,2864.3,2861.65,2864.3,2856.5,13625,2851.0605579113803,2839.388371557575,2823.7185161872153,56.2091503267975
2026-03-02 14:00:00,2862.05,2860.25,2864.2,2854.05,12179,2851.9357428722014,2840.2064746337483,2824.082013538586,61.80698151950724
2026-03-02 15:00:00,2860.2,2872.85,2875.05,2860.2,19396,2853.9275768843727,2841.486612883405,2824.567267135217,71.22602168473719
2026-03-02 16:00:00,2872.85,2870.15,2873.5,2865.8,20992,2855.4725695620514,2842.6106672801343,2825.02082666621,67.42857142857149
2026-03-02 17:00:00,2869.85,2858.55,2871.0,2852.0,35388,2855.7656581751894,2843.2357391515015,2825.3544502814716,55.1528073916134
2026-03-02 18:00:00,2858.45,2855.8,2859.5,2852.7,10972,2855.7689288251713,2843.7284552632073,2825.6573910746906,53.013698630137064
2026-03-02 19:00:00,2853.15,2852.65,2853.95,2843.25,21733,2855.471887984679,2844.0783197626897,2825.9259742480767,48.873720136518706
2026-03-02 20:00:00,2852.4,2851.6,2856.3,2849.05,10737,2855.1031367480427,2844.3732876151334,2826.181437190882,46.82320441988957
2026-03-02 21:00:00,2851.95,2849.85,2851.95,2847.55,6566,2854.602838010134,2844.588060649834,2826.416945278535,47.44576627011892
2026-03-02 22:00:00,2849.85,2852.1,2855.15,2849.4,3372,2854.3644724853593,2844.8826465067036,2826.6724980618333,49.11684782608684
2026-03-02 23:00:00,2852.0,2869.8,2869.8,2851.45,13586,2855.8345227248487,2845.859797624088,2827.1016274343524,66.48148148148155
2026-03-03 08:00:00,2873.0,2873.0,2873.0,2873.0,359,2857.469330084387,2846.9241192858885,2827.5583276588864,57.67731878409968
2026-03-03 09:00:00,2873.15,2869.35,2881.6,2866.05,23920,2858.6008224573025,2847.8035655884028,2827.974165194619,54.69327420546925
2026-03-03 10:00:00,2868.75,2867.85,2871.35,2856.5,30674,2859.481696508988,2848.5897002712104,2828.370939670295,52.65095729013248
2026-03-03 11:00:00,2867.65,2864.9,2871.45,2863.85,14761,2859.997725412894,2849.229319868418,2828.7344129074063,52.38095238095237
2026-03-03 12:00:00,2864.5,2862.5,2867.05,2857.05,14407,2860.236037278333,2849.749738697107,2829.070388898377,51.62454873646209
2026-03-03 13:00:00,2862.5,2859.45,2863.25,2854.05,14051,2860.1611765851585,2850.1301411011423,2829.3726735859555,38.777219430485744
2026-03-03 14:00:00,2859.4,2865.3,2867.7,2857.3,14100,2860.6505883389527,2850.7250375285485,2829.730159420921,46.14160700079567
2026-03-03 15:00:00,2865.5,2858.05,2867.95,2856.25,9669,2860.402913259052,2851.0122909588013,2830.01194887942,49.57264957264958
2026-03-03 16:00:00,2858.2,2853.75,2858.2,2848.4,14082,2859.769302472476,2851.119652097672,2830.248148393058,48.29308909242287
2026-03-03 17:00:00,2853.7,2848.55,2855.65,2847.6,9740,2858.7007974750973,2851.0188814271746,2830.4302563692463,46.69887278582943
2026-03-03 18:00:00,2848.6,2843.25,2848.6,2840.5,12133,2857.2292929536593,2850.7142194104226,2830.5578160073633,43.70761115297679
2026-03-03 19:00:00,2844.0,2843.95,2846.0,2839.55,9942,2855.964598386644,2850.4489559041317,2830.6910715694794,45.48238897396629
2026-03-03 20:00:00,2843.15,2840.1,2843.35,2837.9,5652,2854.453684254582,2850.0431144961267,2830.7846927478927,41.031390134529225
2026-03-03 21:00:00,2840.35,2842.45,2845.05,2839.1,4598,2853.3104762303365,2849.7453453002004,2830.900765456869,23.47235693501429
2026-03-03 22:00:00,2841.8,2835.7,2842.55,2832.4,7921,2851.6332880179234,2849.1945474452905,2830.948519034413,16.152450090744153
2026-03-03 23:00:00,2835.7,2831.65,2836.25,2828.5,7985,2849.730117730502,2848.5065259768476,2830.9554989445182,16.036036036036208
2026-03-04 08:00:00,2840.0,2840.0,2840.0,2840.0,140,2848.8034398514064,2848.1729367228536,2831.0454939798965,27.66639935846034
2026-03-04 09:00:00,2840.95,2843.35,2845.0,2834.9,14749,2848.2840646274626,2847.9838019494086,2831.1679268756193,32.828685258963986
2026-03-04 10:00:00,2843.4,2846.3,2849.45,2841.25,15297,2848.095106091514,2847.917770500412,2831.3184947674044,37.20379146919449
2026-03-04 11:00:00,2846.45,2848.4,2849.75,2838.15,17312,2848.124143606608,2847.9366814611803,2831.4884599935995,41.13873295910205
2026-03-04 12:00:00,2848.4,2849.6,2859.55,2846.3,18968,2848.264701358359,2848.0019096391734,2831.6686743220216,36.39514731369112
2026-03-04 13:00:00,2849.35,2843.8,2851.8,2840.75,9480,2847.8394917051824,2847.8371288690096,2831.7893840302604,37.33333333333313
2026-03-04 14:00:00,2843.6,2835.7,2845.5,2835.65,9853,2846.6833496380223,2847.3611630310093,2831.8282956319495,34.97085761865078
2026-03-04 15:00:00,2835.7,2836.65,2842.2,2833.2,9042,2845.7277925296394,2846.9411174219504,2831.8762727898406,39.336917562723876
2026-03-04 16:00:00,2836.25,2831.1,2836.55,2830.0,11938,2844.3346694315783,2846.3198971308934,2831.8685486824793,39.161462979482465
2026-03-04 17:00:00,2830.8,2824.7,2831.75,2823.0,31001,2842.4647009142855,2845.4720580277212,2831.797219839868,34.412955465587046
2026-03-04 18:00:00,2824.65,2828.1,2830.05,2824.1,13441,2841.096634160544,2844.7908008501636,2831.7604315827552,40.21207177814032
2026-03-04 19:00:00,2829.05,2833.1,2833.75,2828.4,8149,2840.335049954778,2844.3323380717256,2831.773760621733,42.68960125097743
2026-03-04 20:00:00,2832.85,2831.6,2834.4,2830.1,4085,2839.5031404352753,2843.833030696364,2831.7720316603227,46.50766609880759
2026-03-04 21:00:00,2831.7,2826.95,2831.7,2826.3,4574,2838.307603250963,2843.1709510612127,2831.724051245792,46.037099494097625
2026-03-04 22:00:00,2826.4,2827.05,2829.2,2825.6,2509,2837.2354505603953,2842.5387569019495,2831.6775432731974,37.31635651322278
2026-03-04 23:00:00,2826.7,2829.45,2830.3,2826.45,1884,2836.493979078453,2842.0254723175594,2831.655378663514,36.12774451097818
2026-03-05 08:00:00,2836.0,2836.0,2836.0,2836.0,145,2836.4469334519335,2841.789179285498,2831.6986087265636,40.409683426443166
2026-03-05 09:00:00,2836.45,2833.3,2840.0,2831.6,13137,2836.1472255041303,2841.4562702939097,2831.714542968091,36.095764272560096
2026-03-05 10:00:00,2833.4,2839.6,2841.75,2830.05,16864,2836.4760611704037,2841.383475380423,2831.793005227115,41.58249158249166
2026-03-05 11:00:00,2839.6,2838.05,2841.0,2833.4,9584,2836.625960106556,2841.252750855701,2831.855263881572,44.78694469628292
2026-03-05 12:00:00,2838.0,2834.7,2838.35,2831.6,5243,2836.4425353345027,2840.9957802339086,2831.883569713596,49.00793650793652
2026-03-05 13:00:00,2834.4,2838.5,2839.75,2832.5,5979,2836.6384843502647,2840.897906499246,2831.949404840824,51.737089201877836
2026-03-05 14:00:00,2838.4,2844.6,2846.45,2836.8,16908,2837.3967239359536,2841.0430866365305,2832.0752814095727,62.54646840148695
2026-03-05 15:00:00,2844.75,2842.35,2845.85,2841.05,7055,2837.8684645134817,2841.09433814098,2832.1775174154477,67.77442094662644
2026-03-05 16:00:00,2842.35,2844.5,2845.25,2836.35,9370,2838.5000393217215,2841.2278935080008,2832.300129182458,66.94214876033064
2026-03-05 17:00:00,2844.5,2844.9,2847.4,2841.85,8677,2839.1095593863192,2841.371897684158,2832.425501031389,63.47031963470335
2026-03-05 18:00:00,2844.9,2844.6,2845.9,2839.95,7861,2839.632458492384,2841.498489931838,2832.5466403246096,65.25821596244118
2026-03-05 19:00:00,2844.6,2846.5,2846.5,2841.95,2913,2840.286510064538,2841.69462758157,2832.6854797243645,74.52948557089084
2026-03-05 20:00:00,2846.3,2847.95,2849.15,2844.25,5369,2841.0163662488676,2841.939936303861,2832.8373654982515,75.36407766990258
2026-03-05 21:00:00,2847.95,2852.2,2854.55,2847.95,8301,2842.081474225166,2842.3422917429257,2833.03002852812,76.42276422764216
2026-03-05 22:00:00,2852.1,2849.6,2853.45,2848.75,2122,2842.7975242989596,2842.626907753007,2833.1949038661487,67.39130434782601
2026-03-05 23:00:00,2849.95,2846.4,2851.25,2842.3,4318,2843.1406172228685,2842.7748721548496,2833.3262978575303,66.54040404040396
2026-03-06 08:00:00,2849.4,2849.4,2849.4,2849.4,5,2843.7367489159287,2843.0346810899537,2833.486235192281,63.49862258953187
2026-03-06 09:00:00,2849.05,2851.85,2852.45,2845.3,4436,2844.509439495364,2843.38037987074,2833.6689592202188,68.5483870967737
2026-03-06 10:00:00,2851.15,2850.85,2852.35,2846.35,15577,2845.113302400567,2843.673306150319,2833.8399148498684,73.17073170731726
2026-03-06 11:00:00,2851.05,2847.0,2854.7,2846.7,13319,2845.292987886228,2843.8037647326596,2833.9708609707654,62.17765042979955
2026-03-06 12:00:00,2846.85,2852.25,2855.0,2844.3,10899,2845.955560468492,2844.1349896451047,2834.152742951156,61.23348017621167
2026-03-06 13:00:00,2852.0,2852.8,2856.0,2850.0,12627,2846.6074118524452,2844.4747939727476,2834.3382877974136,66.15146831530186
2026-03-06 14:00:00,2853.25,2858.5,2860.45,2853.25,15170,2847.74003929507,2845.0248020522477,2834.578702844206,69.49860724234003
2026-03-06 15:00:00,2858.5,2862.95,2864.15,2856.35,9464,2849.1886069812535,2845.7277509913756,2834.861004308443,72.5907384230288
2026-03-06 16:00:00,2862.85,2866.7,2867.05,2857.0,11755,2850.856358697325,2846.550192128969,2835.1778102357225,75.46082949308794
2026-03-06 17:00:00,2866.8,2876.75,2877.55,2863.75,18416,2853.32241977377,2847.73449831999,2835.591463865218,79.34044616876861
2026-03-06 18:00:00,2876.65,2870.05,2878.0,2869.0,11371,2854.9155226524585,2848.6096160329316,2835.9343348715342,69.45422535211324
2026-03-06 19:00:00,2871.6,2872.05,2872.6,2867.25,4676,2856.5473776379386,2849.528846776738,2836.293694723559,68.1943171402389
2026-03-06 20:00:00,2872.0,2874.7,2874.95,2871.2,2894,2858.276198815278,2850.5159508247093,2836.675847014867,72.98534798534831
2026-03-06 21:00:00,2874.3,2872.9,2874.35,2870.3,2565,2859.6689417852513,2851.393756674721,2837.0362863480523,74.9060150375945
2026-03-06 22:00:00,2872.7,2873.35,2874.3,2870.6,1820,2860.9718997104656,2852.2547858247317,2837.397616832151,73.64264560710802
2026-03-06 23:00:00,2872.8,2872.05,2873.85,2870.9,1864,2862.0269568808976,2853.031068733566,2837.742416664667,70.40404040404124
2026-03-09 08:00:00,2900.0,2899.1,2900.0,2898.85,558,2865.5577228922407,2854.837693489112,2838.352939881934,81.93249503640043
2026-03-09 09:00:00,2899.4,2917.85,2930.05,2895.0,58787,2870.537939759646,2857.3087643326767,2839.1439554054973,89.16528468767336
2026-03-09 10:00:00,2917.9,2907.65,2918.0,2900.25,39999,2874.0724216872986,2859.2829304372776,2839.8256075905174,79.03563941299848
2026-03-09 11:00:00,2907.85,2900.8,2911.2,2900.8,10790,2876.6179053361275,2860.9110508122867,2840.4323179627513,73.59882005899752
2026-03-09 12:00:00,2900.85,2893.25,2904.5,2885.85,16159,2878.2019143517346,2862.1792448980796,2840.9578670377487,66.77933365523927
2026-03-09 13:00:00,2892.85,2897.6,2899.3,2891.6,7931,2880.0493510801407,2863.568294117763,2841.5214703508063,66.7472208796523
2026-03-09 14:00:00,2897.2,2898.5,2899.65,2895.0,4556,2881.8065557391747,2864.938164936674,2842.0884208945795,65.80516898608383
2026-03-09 15:00:00,2898.5,2904.15,2906.3,2896.15,8800,2883.9345028116345,2866.4758839587657,2842.7059490448823,64.24116424116451
2026-03-09 16:00:00,2904.1,2906.45,2908.0,2898.15,5465,2886.0788358771933,2868.04349635254,2843.340218208615,69.82570806100233
2026-03-09 17:00:00,2906.3,2908.35,2913.7,2904.35,8120,2888.1998991269847,2869.624143554401,2843.987081709027,69.79280261723028
2026-03-09 18:00:00,2908.4,2900.5,2909.2,2898.15,6456,2889.3713373053674,2870.8349614542285,2844.549399303962,63.31269349845228
2026-03-09 19:00:00,2902.0,2906.6,2909.25,2902.0,3764,2891.012162323904,2872.2375119854355,2845.1668182163608,66.65019762845859
2026-03-09 20:00:00,2906.55,2902.8,2906.8,2901.0,3433,2892.1348135311514,2873.4360409271835,2845.7402827117207,64.08417025346753
2026-03-09 21:00:00,2902.65,2901.95,2903.2,2895.5,2949,2893.069593194851,2874.5542354006275,2846.299583381256,64.3611911623438
2026-03-09 22:00:00,2902.15,2888.75,2903.2,2874.6,23915,2892.65820336677,2875.1109320515834,2846.721975586418,44.265927977839354
2026-03-09 23:00:00,2888.6,2877.1,2891.5,2875.95,6867,2891.176469712792,2875.1889347162273,2847.024244486056,25.496091401082268
2026-03-10 08:00:00,2889.85,2889.85,2889.85,2889.85,111,2891.0501392639544,2875.7638784528463,2847.4503714065927,39.61493582263697
2026-03-10 09:00:00,2888.8,2900.65,2906.5,2879.0,21518,2891.9644117150065,2876.739804788029,2847.9797209448357,49.916341327384224
2026-03-10 10:00:00,2900.7,2896.5,2903.8,2893.55,17644,2892.3963725040535,2877.5147144041844,2848.4625097911558,51.88405797101449
2026-03-10 11:00:00,2895.7,2892.65,2899.55,2890.6,8198,2892.4205275036675,2878.1082550157853,2848.902186310647,47.11370262390681
2026-03-10 12:00:00,2892.65,2892.05,2896.05,2883.0,10297,2892.3852391699847,2878.6549901132057,2849.331517790143,46.22586307782339
2026-03-10 13:00:00,2892.2,2894.75,2899.5,2890.1,7317,2892.610454487129,2879.2861669715116,2849.783442986261,44.30303030303021
2026-03-10 14:00:00,2894.25,2892.85,2898.0,2887.65,4578,2892.6332683454975,2879.818081992237,2850.2119659416217,41.71741778319128
2026-03-10 15:00:00,2892.7,2894.0,2899.0,2891.25,8368,2892.763433264974,2880.3742356396,2850.6476677730484,41.18008604794104
2026-03-10 16:00:00,2893.55,2887.95,2895.4,2885.85,5410,2892.3050110492622,2880.671324438047,2851.018835257894,42.111879321181554
2026-03-10 17:00:00,2887.95,2871.35,2888.2,2867.55,26234,2890.3092957112376,2880.305782303222,2851.2211354045817,30.427540255413703
2026-03-10 18:00:00,2871.3,2867.5,2871.55,2864.45,125993,2888.1369818339767,2879.803594761919,2851.3831141567753,30.410654827968898
2026-03-10 19:00:00,2868.0,2862.2,2873.3,2861.25,8784,2885.666793087884,2879.113257712432,2851.4907448616827,28.979375991538916
2026-03-10 20:00:00,2861.8,2862.25,2864.35,2854.7,11295,2883.4366223176094,2878.4519534884157,2851.5978021267406,33.722358722358834
2026-03-10 21:00:00,2862.0,2871.85,2873.85,2860.0,6549,2882.333134477837,2878.193053351615,2851.7993165334397,46.691871455576575
2026-03-10 22:00:00,2871.45,2877.05,2877.7,2870.8,4372,2881.8299788132813,2878.1482277299833,2852.0505671151964,41.08635097493063
2026-03-10 23:00:00,2876.95,2875.9,2876.95,2873.1,1020,2881.265218926302,2878.060061936651,2852.287874905095,30.088495575221415
2026-03-11 08:00:00,2875.4,2875.4,2875.4,2875.4,20,2880.7066266476068,2877.955745782273,2852.5178462990743,31.96581196581218
2026-03-11 09:00:00,2874.0,2874.75,2877.55,2866.95,7877,2880.139328871644,2877.8300302613993,2852.739061758785,33.81555153707063
2026-03-11 10:00:00,2874.8,2878.45,2881.1,2869.85,15289,2879.9784404076777,2877.854342800168,2852.9948919900407,38.35616438356144
2026-03-11 11:00:00,2878.45,2875.85,2879.65,2873.8,9344,2879.5852556069467,2877.7757411217303,2853.22230600009,33.79073756432257
2026-03-11 12:00:00,2876.15,2881.9,2885.6,2876.15,13656,2879.8057074539042,2877.9374767640156,2853.5076561891437,41.23298638911154
2026-03-11 13:00:00,2881.85,2873.15,2882.1,2871.65,9850,2879.1718305535323,2877.7497325771915,2853.703102396217,35.11777301927215
2026-03-11 14:00:00,2872.8,2877.6,2878.85,2871.4,6030,2879.022132405577,2877.7438607114195,2853.940882471877,42.43973703433172
2026-03-11 15:00:00,2877.6,2876.35,2881.6,2876.35,3776,2878.767643605046,2877.6891995070505,2854.1638587656894,54.70809792843688
2026-03-11 16:00:00,2876.6,2868.15,2876.6,2867.55,7690,2877.7564394521846,2877.315113251872,2854.3030243501103,50.565709312445684
2026-03-11 17:00:00,2868.2,2868.3,2872.9,2864.15,10557,2876.855826171024,2876.9615793988573,2854.442297739661,55.83173996175942
2026-03-11 18:00:00,2868.45,2865.55,2870.15,2862.1,4811,2875.7790808214027,2876.514066481255,2854.5528221402615,53.00000000000016
2026-03-11 19:00:00,2866.25,2868.2,2869.5,2863.75,3185,2875.0572636003167,2876.188024658461,2854.6886149547863,46.201873048907274
2026-03-11 20:00:00,2868.25,2872.6,2872.65,2866.25,2618,2874.8232384955245,2876.0473178091097,2854.866837691555,45.29100529100495
2026-03-11 21:00:00,2872.5,2871.7,2872.5,2869.2,1210,2874.5257872102366,2875.876834757772,2855.0343318438777,45.53191489361669
2026-03-11 22:00:00,2872.1,2873.2,2873.5,2871.1,1232,2874.3995217616425,2875.7718608457026,2855.215084760854,47.70833333333303
2026-03-11 23:00:00,2873.3,2876.9,2878.25,2872.7,1161,2874.637662546248,2875.8161015968517,2855.430855061741,52.105778648384046
2026-03-12 08:00:00,2881.0,2878.3,2881.0,2878.3,123,2874.9864565894627,2875.9135093773675,2855.658408742719,49.846153846154216
2026-03-12 09:00:00,2881.0,2878.65,2888.5,2875.3,13238,2875.335365485704,2876.020822735118,2855.8871807950304,53.01075268817223
2026-03-12 10:00:00,2878.6,2879.45,2881.55,2875.4,10663,2875.7272354394463,2876.1553002749174,2856.1216367075176,47.03030303030266
2026-03-12 11:00:00,2879.65,2879.55,2883.8,2878.25,6971,2876.091308254737,2876.2884257543324,2856.354754750229,59.81595092024557
2026-03-12 12:00:00,2879.55,2876.5,2881.95,2875.85,4494,2876.1302312780954,2876.2967227835743,2856.5552049517196,48.237179487179645
2026-03-12 13:00:00,2876.5,2874.3,2879.05,2873.35,8071,2875.9559235373245,2876.2184199293165,2856.731770076578,46.81181959564585
2026-03-12 14:00:00,2874.35,2875.5,2877.6,2871.2,4741,2875.9125022480553,2876.1902465987555,2856.91851863303,64.61232604373734
2026-03-12 15:00:00,2875.5,2876.0,2878.9,2873.8,4143,2875.920835367288,2876.182785947824,2857.1083841192685,65.09803921568592
2026-03-12 16:00:00,2875.9,2883.75,2884.65,2874.45,10930,2876.666470094213,2876.479539440066,2857.3734748245492,79.8360655737702
2026-03-12 17:00:00,2883.55,2885.65,2889.6,2883.05,14051,2877.5220443709545,2876.8391653443773,2857.6548332840066,79.32773109243698
2026-03-12 18:00:00,2885.65,2882.3,2886.75,2882.3,4926,2877.9770877641968,2877.0533157230293,2857.9000588234694,66.89895470383307
2026-03-12 19:00:00,2886.55,2880.55,2886.65,2878.15,4819,2878.2221270247496,2877.190440596636,2858.1254313724894,64.97461928934064
2026-03-12 20:00:00,2880.6,2880.35,2881.7,2879.2,1679,2878.424781593821,2877.314344886964,2858.346571358833,62.654867256637125
2026-03-12 21:00:00,2880.35,2887.25,2889.05,2880.0,8894,2879.2652785848854,2877.7039784208087,2858.6341676637203,66.45468998410146
2026-03-12 22:00:00,2887.45,2886.15,2888.5,2886.15,2234,2879.920966338706,2878.035194953326,2858.907957040201,62.60032102728714
2026-03-12 23:00:00,2886.35,2885.25,2886.6,2882.95,3039,2880.428493354067,2878.318128484568,2859.1700669203983,60.41009463722374
2026-03-13 08:00:00,2883.0,2883.0,2883.0,2883.0,425,2880.673398748918,2878.501731289095,2859.4071806823845,55.35444947209672
2026-03-13 09:00:00,2883.0,2888.95,2888.95,2882.25,7598,2881.461646487116,2878.911467316974,2859.7011390835546,62.05128205128159
2026-03-13 10:00:00,2888.55,2895.75,2897.1,2886.55,15974,2882.8224420597717,2879.5718019319943,2860.059834217052,72.51461988304094
2026-03-13 11:00:00,2895.95,2891.2,2899.6,2890.3,12758,2883.6203047207455,2880.027809699367,2860.3696866129026,68.73614190687306
2026-03-13 12:00:00,2891.5,2891.6,2894.45,2889.45,6546,2884.380275699722,2880.4816210837057,2860.680435999839,68.17155756207639
2026-03-13 13:00:00,2891.7,2887.15,2893.6,2883.7,7651,2884.6440589664153,2880.7431261392467,2860.9438147461096,61.554404145077704
2026-03-13 14:00:00,2887.15,2886.35,2889.4,2884.75,3766,2884.8065295410424,2880.9630035455507,2861.1966126093325,53.147699757869084
2026-03-13 15:00:00,2886.35,2878.9,2889.9,2878.1,8581,2884.244002918086,2880.8821014457253,2861.3727657176973,42.79615795090721
2026-03-13 16:00:00,2878.9,2877.75,2879.15,2874.6,9842,2883.6255264496967,2880.7592739380502,2861.5357232727456,44.90481522956313
2026-03-13 17:00:00,2877.8,2877.7,2879.4,2875.0,7448,2883.0611905973446,2880.639302411068,2861.6965618471463,46.68218859138496
2026-03-13 18:00:00,2877.4,2875.95,2878.3,2875.0,3427,2882.3839343499785,2880.4554081988695,2861.8383871023984,45.05617977528084
2026-03-13 19:00:00,2875.1,2877.25,2878.55,2875.0,2259,2881.894988221409,2880.329705916561,2861.991736484464,37.14652956298218
2026-03-13 20:00:00,2877.2,2880.55,2880.85,2875.35,2321,2881.7668941050847,2880.3383449002254,2862.176395822927,43.187347931873724
2026-03-13 21:00:00,2880.55,2877.55,2883.05,2877.15,2636,2881.365285142696,2880.2289980413934,2862.3293670087687,41.087962962963324
2026-03-13 22:00:00,2877.3,2877.5,2877.9,2876.4,973,2880.9971627481536,2880.1219785103585,2862.480318580821,43.29268292682942
2026-03-13 23:00:00,2877.1,2879.4,2879.4,2876.25,1436,2880.845052010234,2880.0936656275994,2862.648673619818,37.07713125845815
2026-03-14 10:00:00,2877.6,2883.0,2884.05,2877.4,1541,2881.0502851521164,2880.2076395245563,2862.85117437982,31.111111111111626
2026-03-14 11:00:00,2882.95,2882.75,2883.6,2882.35,312,2881.2121627566767,2880.307339935358,2863.0491726446976,35.6536502546696
2026-03-14 12:00:00,2882.75,2885.95,2887.75,2882.7,1206,2881.663385351279,2880.5286207222066,2863.2770415736063,41.24031007751936
2026-03-14 13:00:00,2886.0,2885.4,2886.9,2884.65,640,2882.019253413062,2880.7196552036885,2863.497170513173,46.91358024691362
2026-03-14 14:00:00,2885.25,2885.0,2885.9,2884.65,427,2882.303134040389,2880.8875118623673,2863.7111290155294,47.584973166368705
2026-03-14 15:00:00,2885.5,2887.35,2888.0,2884.8,2010,2882.7837879413046,2881.1409427697254,2863.946341662141,68.49015317286583
2026-03-14 16:00:00,2887.6,2886.2,2887.65,2885.95,704,2883.1091414707043,2881.3393371709126,2864.1677710983386,68.49015317286583
2026-03-14 17:00:00,2885.45,2885.2,2885.7,2885.15,513,2883.3082708544466,2881.4907357132297,2864.377047007808,65.75630252100828
2026-03-14 18:00:00,2885.45,2886.15,2887.7,2885.4,628,2883.5789117254517,2881.6734519597694,2864.593693306238,72.17391304347842
2026-03-15 10:00:00,2887.35,2884.25,2888.05,2884.25,552,2883.642824894456,2881.7744930593863,2864.7892784474698,64.83050847457605
2026-03-15 11:00:00,2884.4,2884.0,2884.75,2883.15,338,2883.6768415711745,2881.861767841371,2864.980429905704,58.39416058394108
2026-03-15 12:00:00,2884.0,2883.8,2884.35,2883.55,313,2883.6885709453486,2881.937776945631,2865.167689309628,67.6056338028169
2026-03-15 13:00:00,2883.8,2885.2,2885.7,2883.75,390,2883.832516569601,2882.0657072614886,2865.367015784159,70.15706806282732
2026-03-15 14:00:00,2885.15,2885.4,2885.4,2884.75,168,2883.9818007058298,2882.1964638394693,2865.5663489604362,67.2413793103452
2026-03-15 15:00:00,2885.4,2885.5,2885.7,2884.8,205,2884.1263911147985,2882.326014277137,2865.7646937469,58.99280575539592
2026-03-15 16:00:00,2885.7,2887.25,2887.3,2885.65,364,2884.4238776752936,2882.5191117564646,2865.9784778887215,64.61038961038994
2026-03-15 17:00:00,2887.3,2888.75,2888.75,2886.25,641,2884.8358893252657,2882.763460315035,2866.205060198287,60.218978102190576
2026-03-15 18:00:00,2888.15,2889.95,2889.95,2888.15,392,2885.322947484764,2883.0452854007203,2866.441328256016,65.85365853658452
