begin,open,close,high,low,volume,ema_20,ema_50,ema_200,rsi_14
2025-12-08 08:00:00,2822.45,2825.55,2825.55,2822.45,34,2825.55,2825.55,2825.55,
2025-12-08 09:00:00,2827.0,2821.0,2828.35,2819.4,2991,2825.116666666667,2825.3715686274513,2825.5047263681595,
2025-12-08 10:00:00,2821.0,2827.0,2832.5,2811.25,6076,2825.296031746032,2825.435428681277,2825.519604712755,
2025-12-08 11:00:00,2827.25,2822.45,2834.0,2819.75,2844,2825.024981103553,2825.3183530467168,2825.4890613822804,
2025-12-08 12:00:00,2820.95,2823.2,2823.65,2815.85,1782,2824.851173379405,2825.235280378218,2825.4662846521087,
2025-12-08 13:00:00,2821.8,2816.4,2822.55,2806.5,8986,2824.0462997242234,2824.8887987947583,2825.3760728645257,
2025-12-08 14:00:00,2816.3,2809.3,2824.55,2809.3,2973,2822.6418902266787,2824.2774733518263,2825.216111940501,
2025-12-08 15:00:00,2809.3,2806.7,2810.0,2798.4,2459,2821.1236149669953,2823.5881606713624,2825.031872020695,
2025-12-08 16:00:00,2805.8,2805.25,2813.5,2802.45,1599,2819.6118421129954,2822.8690171156227,2824.8350374732254,
2025-12-08 17:00:00,2805.45,2797.35,2808.5,2793.45,3688,2817.4916666736626,2821.8682713463827,2824.561554513293,
2025-12-08 18:00:00,2797.0,2797.45,2803.3,2795.0,992,2815.5829365142663,2820.910692077897,2824.291787801718,
2025-12-08 19:00:00,2798.25,2807.3,2808.15,2798.25,726,2814.7940854176695,2820.376939447391,2824.122715286278,
2025-12-08 20:00:00,2807.3,2795.35,2810.3,2792.65,958,2812.9422677588436,2819.3954908416113,2823.8364196117877,
2025-12-08 21:00:00,2794.3,2786.75,2798.15,2780.0,2478,2810.447766067525,2818.1152755144894,2823.467400511173,
2025-12-08 22:00:00,2786.4,2787.95,2792.1,2784.3,250,2808.3051216801414,2816.932323533529,2823.113993540913,24.386920980926362
2025-12-08 23:00:00,2787.95,2784.2,2790.0,2784.1,668,2806.0093958058424,2815.6487030028024,2822.726789625083,24.655647382920122
2025-12-09 08:00:00,2787.0,2784.25,2787.0,2784.25,2,2803.937072395762,2814.417381316418,2822.343935996973,17.929482370592922
2025-12-09 09:00:00,2784.6,2787.45,2789.0,2778.0,945,2802.366875024737,2813.3598369510687,2821.99673265372,23.200612557427334
2025-12-09 10:00:00,2788.35,2782.8,2793.8,2781.0,1340,2800.5033631176193,2812.1614119725955,2821.6067154133843,20.80924855491348
2025-12-09 11:00:00,2782.65,2787.95,2789.4,2782.65,1254,2799.307804725465,2811.2119448364156,2821.271822722704,28.9415247964468
2025-12-09 12:00:00,2789.8,2788.4,2793.9,2785.7,1030,2798.2689661801824,2810.3173587643996,2820.9447399095434,32.840722495894866
2025-12-09 13:00:00,2788.9,2792.7,2793.5,2787.25,929,2797.738588448736,2809.6264819501093,2820.663697721389,38.817891373801814
2025-12-09 14:00:00,2792.3,2811.6,2814.0,2792.3,3596,2799.05872288219,2809.7038748148107,2820.57351167441,53.9662710805746
2025-12-09 15:00:00,2812.25,2808.55,2814.35,2806.0,1287,2799.962654036267,2809.658624822073,2820.4538747423267,57.44680851063854
2025-12-09 16:00:00,2809.3,2815.7,2818.8,2808.0,1842,2801.4614488899556,2809.895541495717,2820.406572506085,61.09422492401228
2025-12-09 17:00:00,2815.8,2798.0,2815.8,2795.0,3174,2801.131787090912,2809.4290496723556,2820.1836215358753,44.839067702552526
2025-12-09 18:00:00,2797.3,2795.75,2799.65,2791.9,3711,2800.6192359393963,2808.892616351871,2819.940500923578,50.248756218905534
2025-12-09 19:00:00,2794.5,2798.05,2801.0,2794.1,692,2800.3745468023108,2808.467415710621,2819.7226849939902,57.624831309042115
2025-12-09 20:00:00,2799.15,2801.5,2802.6,2794.5,1517,2800.4817328211384,2808.1941837219692,2819.5413647452942,58.87360838244954
2025-12-09 21:00:00,2801.75,2813.4,2813.4,2799.1,750,2801.71204398103,2808.3983333799315,2819.480256638376,67.27810650887619
2025-12-09 22:00:00,2812.15,2824.3,2834.85,2811.55,4174,2803.8632778875985,2809.0219281493464,2819.5282142837655,71.00157315154735
2025-12-09 23:00:00,2824.95,2819.55,2825.15,2814.95,785,2805.357251422113,2809.434793712117,2819.5284310570614,66.56346749226046
2025-12-10 08:00:00,2821.0,2820.7,2821.0,2820.7,6,2806.818465572388,2809.8765665077203,2819.5400884594787,70.28907922912214
2025-12-10 09:00:00,2819.35,2818.6,2820.2,2808.0,1119,2807.9405164702557,2810.2186619387903,2819.530734345454,66.96181516325424
2025-12-10 10:00:00,2818.5,2810.95,2823.4,2808.8,4757,2808.227133949279,2810.247341862759,2819.445353904206,61.558175294720655
2025-12-10 11:00:00,2811.2,2815.35,2817.55,2810.45,1765,2808.9055021445856,2810.4474461034356,2819.4046041141146,61.59754224270368
2025-12-10 12:00:00,2815.0,2817.65,2823.55,2813.4,1929,2809.738311464149,2810.7298991974185,2819.3871453667107,53.73226403454673
2025-12-10 13:00:00,2817.1,2813.2,2818.4,2809.0,1359,2810.067996086611,2810.826765895559,2819.325581731221,52.8198908429349
2025-12-10 14:00:00,2812.55,2811.05,2817.3,2809.0,1303,2810.1615202688386,2810.835520174165,2819.243237634393,46.998063266623845
2025-12-10 15:00:00,2812.3,2815.1,2816.4,2811.7,744,2810.631851671806,2811.0027546771394,2819.202011389275,63.401253918495286
2025-12-10 16:00:00,2815.65,2815.3,2816.0,2811.2,4025,2811.0764372268723,2811.1712741015654,2819.163185405302,65.82995951417018
2025-12-10 17:00:00,2815.35,2809.5,2821.1,2806.45,3955,2810.9263003481224,2811.10573394072,2819.067034306742,58.77394636015312
2025-12-10 18:00:00,2809.7,2813.8,2817.0,2809.7,801,2811.1999860292535,2811.211391433241,2819.014626005182,59.30408472012111
2025-12-10 19:00:00,2814.75,2818.1,2818.1,2813.15,866,2811.857130216944,2811.481532945663,2819.0055252489115,54.01709401709386
2025-12-10 20:00:00,2818.1,2816.95,2818.3,2815.4,679,2812.342165434378,2811.6959826340685,2818.9850722613605,42.46153846153809
2025-12-10 21:00:00,2816.95,2818.65,2822.0,2814.0,670,2812.9429115834846,2811.9686891974384,2818.981738209009,49.015317286651985
2025-12-10 22:00:00,2818.8,2817.0,2820.0,2815.8,252,2813.329300956486,2812.165995503421,2818.9620194208596,45.995670995671254
2025-12-10 23:00:00,2818.2,2816.7,2819.15,2815.55,297,2813.650319913011,2812.3437996013263,2818.9395117649306,47.8603603603603
2025-12-11 08:00:00,2820.3,2823.95,2824.0,2820.3,5,2814.6312418260577,2812.798944715,2818.98936736926,64.77272727272697
2025-12-11 09:00:00,2824.0,2828.8,2835.0,2822.7,4155,2815.980647366433,2813.4264370791175,2819.086985604392,65.12935883014615
2025-12-11 10:00:00,2829.0,2831.1,2835.85,2828.0,4274,2817.420585712487,2814.1195179779756,2819.2065180859404,65.12935883014578
2025-12-11 11:00:00,2831.3,2846.5,2850.15,2831.0,8437,2820.190053739869,2815.3893408023687,2819.4780950204085,80.05415162454861
2025-12-11 12:00:00,2847.0,2841.9,2853.5,2841.35,3562,2822.2576676694057,2816.4289744963935,2819.7011985525437,76.66378565254924
2025-12-11 13:00:00,2842.35,2843.7,2845.1,2838.2,3085,2824.2997945580337,2817.4984264769273,2819.9399925967973,75.7194244604312
2025-12-11 14:00:00,2844.65,2840.8,2846.8,2840.55,1796,2825.871242695364,2818.4122136739106,2820.1475548595163,71.86963979416802
2025-12-11 15:00:00,2841.3,2848.6,2852.75,2840.8,2768,2828.035886248186,2819.5960484317966,2820.4306637663867,82.42122719734667
2025-12-11 16:00:00,2848.0,2849.5,2850.9,2843.45,1540,2830.0800875578825,2820.7687524148632,2820.7199108930895,81.37082601054486
2025-12-11 17:00:00,2850.0,2844.05,2859.05,2844.05,2270,2831.410555409513,2821.6817425162412,2820.952051083208,72.35142118863084
2025-12-11 18:00:00,2845.75,2843.45,2848.45,2833.2,6530,2832.557169180036,2822.535399672467,2821.175911271435,73.04347826086956
2025-12-11 19:00:00,2845.0,2860.95,2879.3,2845.0,7808,2835.261248305747,2824.041854587272,2821.5716733483364,78.85402455661657
2025-12-11 20:00:00,2862.2,2863.0,2865.0,2859.0,1649,2837.90303418139,2825.5696249956145,2821.9838955040746,81.20759837177755
2025-12-11 21:00:00,2863.0,2855.0,2866.0,2850.0,2548,2839.5313166403052,2826.7237573487278,2822.312413956771,73.52579852579873
2025-12-11 22:00:00,2854.95,2854.65,2856.15,2851.0,1204,2840.9711912459907,2827.818904119366,2822.634180982077,70.60402684563789
2025-12-11 23:00:00,2855.0,2852.55,2855.3,2852.0,510,2842.0739349368487,2828.788751016646,2822.9318508230517,66.55052264808384
2025-12-12 08:00:00,2853.0,2853.0,2853.0,2853.0,1,2843.114512561911,2829.7382117610914,2823.231036387002,65.66523605150239
2025-12-12 09:00:00,2855.6,2852.05,2855.6,2849.9,6616,2843.9655113655385,2830.613183848892,2823.517792243848,55.004508566276186
2025-12-12 10:00:00,2851.5,2846.35,2853.0,2842.45,5287,2844.1926055212016,2831.2303138940333,2823.7449783906754,53.934571175950374
2025-12-12 11:00:00,2846.35,2846.0,2857.75,2840.85,6660,2844.364738328706,2831.809517270738,2823.966421391763,52.08711433756824
2025-12-12 12:00:00,2845.55,2846.5,2851.0,2844.7,2293,2844.568096583115,2832.38561463267,2824.190636104283,55.40796963946853
2025-12-12 13:00:00,2847.65,2849.8,2860.65,2846.9,3389,2845.066373099009,2833.0685317058987,2824.4454556455344,51.24481327800857
2025-12-12 14:00:00,2849.5,2845.85,2854.6,2841.5,3338,2845.141004232437,2833.569765756648,2824.6584361863747,46.43902439024385
2025-12-12 15:00:00,2845.35,2843.3,2847.05,2843.3,1995,2844.9656704960144,2833.951343570113,2824.843924383525,49.22440537745606
2025-12-12 16:00:00,2842.95,2831.55,2843.4,2828.45,11080,2843.687987591632,2833.85717323403,2824.910651504087,40.000000000000306
2025-12-12 17:00:00,2831.05,2834.4,2838.7,2826.6,6537,2842.80341734481,2833.878460558186,2825.0050728821557,20.401337792642394
2025-12-12 18:00:00,2834.7,2823.9,2836.2,2817.05,5316,2841.0030918833995,2833.487148379433,2824.9940771320844,13.320825515947362
2025-12-12 19:00:00,2821.65,2815.75,2825.0,2811.45,4058,2838.5980355135516,2832.791573933181,2824.902096265099,13.283442469597631
2025-12-12 20:00:00,2815.6,2810.4,2817.0,2807.75,4334,2835.912508321785,2831.913472994625,2824.757796799775,12.147134302822806
2025-12-12 21:00:00,2810.4,2801.3,2815.1,2800.0,17031,2832.6160789578053,2830.712944641895,2824.5243858863446,10.847975553857808
2025-12-12 22:00:00,2801.3,2803.0,2803.15,2800.0,2859,2829.7955000094425,2829.6261624990757,2824.3102128924506,12.518740629685055
2025-12-12 23:00:00,2802.7,2802.05,2807.15,2800.15,1797,2827.1530714371147,2828.5447443618573,2824.088718236804,12.518740629685055
2025-12-13 09:00:00,2808.0,2808.0,2808.0,2808.0,10,2825.328969395485,2827.7390681123725,2823.9286314881792,21.35922330097067
2025-12-13 10:00:00,2809.8,2813.95,2816.15,2809.8,731,2824.2452580244862,2827.19832034326,2823.829341622625,27.911784975878362
2025-12-13 11:00:00,2813.85,2812.4,2814.0,2812.0,160,2823.1171382126304,2826.6179940552893,2823.71561683036,26.834239130434526
2025-12-13 12:00:00,2812.05,2810.55,2812.05,2809.6,194,2821.9202679066657,2825.9878766413563,2823.584615667869,22.799722799722318
2025-12-13 13:00:00,2810.8,2811.1,2812.1,2810.5,157,2820.8897662012687,2825.404038341695,2823.460390636348,24.72727272727205
2025-12-13 14:00:00,2811.0,2812.5,2812.7,2811.0,133,2820.090740848767,2824.897997622413,2823.3513320230513,27.218934911241988
2025-12-13 15:00:00,2812.55,2815.35,2816.0,2812.45,340,2819.639241720313,2824.523566343103,2823.271716779041,36.20102214650708
2025-12-13 16:00:00,2814.7,2814.9,2816.0,2813.7,166,2819.1878853659973,2824.1461715845503,2823.188416114573,32.682060390763255
2025-12-13 17:00:00,2814.7,2815.4,2815.9,2814.35,97,2818.827134378759,2823.8031844635875,2823.1109194368164,40.820734341252376
2025-12-13 18:00:00,2815.55,2814.5,2816.0,2814.4,143,2818.4150263426873,2823.4383537003096,2823.025238646401,48.39948783610749
2025-12-14 10:00:00,2814.35,2809.9,2814.35,2809.9,662,2817.604071452907,2822.9074378689247,2822.8946392568846,49.34725848563966
2025-12-14 11:00:00,2809.6,2805.2,2810.2,2805.2,525,2816.422731314535,2822.2130285407316,2822.7185731946274,55.75221238938021
2025-12-14 12:00:00,2805.9,2803.1,2806.0,2801.55,411,2815.15389976077,2821.4634980097226,2822.523363511099,50.14577259475206
2025-12-14 13:00:00,2801.7,2806.8,2808.6,2801.7,676,2814.358290259744,2820.8884588720866,2822.366912132879,56.410256410256544
2025-12-14 14:00:00,2806.5,2806.85,2808.0,2805.75,247,2813.6432149969114,2820.337931073181,2822.2125149972285,48.15409309791313
2025-12-14 15:00:00,2806.6,2803.55,2808.0,2803.55,351,2812.681956425777,2819.6795808350175,2822.0268183305893,31.75438596491233
2025-12-14 16:00:00,2803.7,2803.15,2804.7,2802.9,261,2811.7741510518936,2819.0313619787426,2821.8389892924743,33.089579524679735
2025-12-14 17:00:00,2802.55,2803.9,2804.95,2802.3,115,2811.024231904094,2818.4379752344785,2821.660491886579,37.33333333333295
2025-12-14 18:00:00,2803.9,2806.0,2806.85,2803.25,334,2810.545733627514,2817.950211499793,2821.5046660966627,40.827338129496475
2025-12-15 08:00:00,2813.55,2816.0,2816.0,2809.2,50,2811.065187567751,2817.8737326174482,2821.449893299681,54.807692307692356
2025-12-15 09:00:00,2816.4,2824.7,2828.75,2816.05,8711,2812.3637411327272,2818.141429377549,2821.4822326698336,61.06508875739647
2025-12-15 10:00:00,2825.2,2817.0,2826.3,2814.6,11316,2812.805289596277,2818.0966674411743,2821.4376333397854,52.121212121212054
2025-12-15 11:00:00,2817.5,2817.2,2819.75,2811.25,7604,2813.223833444251,2818.061504012109,2821.395467833917,51.82926829268267
2025-12-15 12:00:00,2817.3,2825.95,2827.15,2817.3,7240,2814.435849306703,2818.370856795948,2821.440786561938,60.03505696757228
2025-12-15 13:00:00,2825.6,2828.8,2831.85,2824.55,7893,2815.8038636584456,2818.77984280395,2821.5140125662965,67.08860759493687
2025-12-15 14:00:00,2828.1,2842.2,2842.5,2825.5,5919,2818.3177814052606,2819.69828034105,2821.71984328703,78.90625000000041
2025-12-15 15:00:00,2841.65,2826.8,2843.3,2821.05,13749,2819.125611747617,2819.9767791512054,2821.7703921100447,65.32988357050493
2025-12-15 16:00:00,2826.85,2831.35,2832.35,2818.35,6169,2820.289839200225,2820.4227878119423,2821.8657115915366,65.70697376839428
2025-12-15 17:00:00,2831.35,2840.75,2841.1,2827.05,4703,2822.238425943061,2821.219933387945,2822.053614958785,69.37142857142892
2025-12-15 18:00:00,2840.85,2838.0,2840.9,2832.3,2703,2823.739528234198,2821.877975215869,2822.212285456708,69.81023576768271
2025-12-15 19:00:00,2834.1,2831.45,2848.9,2825.0,4881,2824.4738588785603,2822.253348736815,2822.304203014353,65.19871106337274
2025-12-15 20:00:00,2831.45,2837.0,2838.15,2827.35,2066,2825.6668246996496,2822.831648786352,2822.450429850031,66.90500510725239
2025-12-15 21:00:00,2836.85,2834.9,2838.4,2833.7,1328,2826.5461747282548,2823.304917461397,2822.5743061699313,64.75995914198178
2025-12-15 22:00:00,2834.75,2838.15,2839.7,2834.75,1082,2827.6513009446116,2823.8870775609503,2822.7292881980916,62.15030170049384
2025-12-15 23:00:00,2838.2,2841.6,2844.65,2834.8,1715,2828.9797484736964,2824.581701970325,2822.9170564747274,59.837019790454164
2025-12-16 08:00:00,2840.0,2840.0,2840.0,2840.0,2,2830.0292962381063,2825.186341108744,2823.0870360122926,64.41102756892244
2025-12-16 09:00:00,2839.45,2835.1,2841.3,2833.35,2479,2830.5122204059057,2825.5751120456557,2823.20656799227,60.59171597633147
2025-12-16 10:00:00,2835.4,2859.5,2860.45,2833.55,10319,2833.2729613196293,2826.905499808571,2823.567696668964,66.74987518721932
2025-12-16 11:00:00,2859.9,2860.1,2862.85,2851.35,7255,2835.8279173844267,2828.2072449141174,2823.9312021747455,65.98569969356487
2025-12-16 12:00:00,2860.05,2856.85,2862.0,2852.5,4686,2837.830020490672,2829.330490211603,2824.2587524018622,58.34757834757844
2025-12-16 13:00:00,2856.9,2857.8,2860.0,2854.2,3185,2839.731923301084,2830.4469415758535,2824.5924961590576,71.1459754433833
2025-12-16 14:00:00,2858.4,2858.95,2860.0,2854.8,2715,2841.5622163200283,2831.5647085728788,2824.934361868918,69.74248927038617
2025-12-16 15:00:00,2858.95,2864.95,2865.65,2853.15,13078,2843.7896242895495,2832.873935687668,2825.332527422461,68.19548872180437
2025-12-16 16:00:00,2864.8,2860.45,2865.2,2857.0,2838,2845.3763267381637,2833.955349974426,2825.6819550102978,66.44688644688631
2025-12-16 17:00:00,2860.1,2865.35,2867.4,2859.05,4879,2847.278581334529,2835.1865127205274,2826.0766619256183,75.45045045045055
2025-12-16 18:00:00,2865.75,2861.1,2867.6,2859.15,2699,2848.5949069217168,2836.2027279079575,2826.425152851732,68.45329249617151
2025-12-16 19:00:00,2861.1,2857.0,2863.1,2856.15,2334,2849.3953919767914,2837.018307205685,2826.7293801865408,66.4190193164933
2025-12-16 20:00:00,2856.55,2858.5,2860.6,2856.0,1581,2850.2624975028116,2837.860726530952,2827.0455057568242,65.52250190694126
2025-12-16 21:00:00,2859.1,2860.85,2860.9,2857.25,1354,2851.2708310739727,2838.762266666993,2827.3818688836222,64.9340574088441
2025-12-16 22:00:00,2860.85,2859.2,2860.9,2858.3,1024,2852.0259900193087,2839.5637464055426,2827.698467203188,64.88372093023241
2025-12-16 23:00:00,2859.4,2859.95,2861.0,2859.4,823,2852.7806576365174,2840.3632073308154,2828.019377977286,70.5882352941176
2025-12-17 08:00:00,2862.05,2862.05,2862.05,2862.05,65,2853.663452147325,2841.2136697884307,2828.3579911317406,53.350854139290625
2025-12-17 09:00:00,2863.0,2863.4,2869.2,2862.1,5865,2854.590742419008,2842.0837219535906,2828.706667836898,54.25257731958785
2025-12-17 10:00:00,2863.1,2853.65,2864.35,2848.75,17262,2854.501147902912,2842.5373014848224,2828.9548601967294,46.46799116997814
2025-12-17 11:00:00,2853.65,2855.6,2866.1,2852.1,14307,2854.6058004835872,2843.049564171692,2829.2199859659163,47.62419006479451
2025-12-17 12:00:00,2855.9,2844.05,2855.9,2842.9,33044,2853.600486151817,2843.088796949273,2829.3675482946137,36.8606701940038
2025-12-17 13:00:00,2844.05,2846.4,2849.25,2838.9,7435,2852.91472556593,2843.2186480493015,2829.5370254260106,32.51649387370422
2025-12-17 14:00:00,2846.4,2840.7,2847.3,2833.75,15971,2851.7514183691746,2843.119877537564,2829.648099799881,31.79723502304148
2025-12-17 15:00:00,2840.7,2837.7,2843.9,2835.45,7638,2850.413188048301,2842.907333320405,2829.728218209833,23.591212989493656
2025-12-17 16:00:00,2837.75,2832.5,2841.55,2831.6,6112,2848.7071701389386,2842.4992026019577,2829.7557981281434,23.170731707317017
2025-12-17 17:00:00,2832.25,2830.7,2832.5,2821.05,18830,2846.992201554278,2842.03648877443,2829.7651931716446,24.215686274509622
2025-12-17 18:00:00,2830.6,2842.25,2845.3,2825.85,17954,2846.5405633110136,2842.044861763668,2829.8894201052603,36.69123669123673
2025-12-17 19:00:00,2842.0,2839.5,2849.0,2839.0,6535,2845.8700334718696,2841.9450632631324,2829.9850477659047,32.62815296989437
2025-12-17 20:00:00,2839.7,2842.8,2844.95,2838.6,4081,2845.5776493316916,2841.97859019399,2830.112559728433,37.00475435816201
2025-12-17 21:00:00,2843.55,2841.45,2845.1,2839.45,2866,2845.184539871531,2841.957861166775,2830.225370079394,35.4788069073785
2025-12-17 22:00:00,2841.05,2843.9,2847.9,2833.95,4192,2845.062202740909,2842.03402347396,2830.361436048753,35.831381733021146
2025-12-17 23:00:00,2845.0,2845.0,2848.2,2844.2,2190,2845.0562786703467,2842.150336278903,2830.507093401502,35.579937304075315
2025-12-18 08:00:00,2848.7,2845.35,2848.7,2845.35,3,2845.084252130314,2842.2758132875733,2830.6547840144226,42.371323529411676
2025-12-18 09:00:00,2845.35,2846.75,2848.2,2839.1,11573,2845.2428947845697,2842.4512715900214,2830.8149354172647,41.782729805014135
2025-12-18 10:00:00,2847.2,2855.65,2857.9,2842.2,15878,2846.23404766223,2842.9688687825696,2831.0620504877397,61.32812499999965
2025-12-18 11:00:00,2855.6,2850.65,2856.95,2846.4,12940,2846.6546145515413,2843.270089614626,2831.256955458011,53.946146703806775
2025-12-18 12:00:00,2850.5,2853.7,2855.0,2845.15,15501,2847.3256036418707,2843.6791057081705,2831.4802693340507,62.695312499999815
2025-12-18 13:00:00,2853.7,2852.3,2855.9,2850.85,6525,2847.7993556759784,2844.017179994125,2831.6874308332144,64.71774193548413
2025-12-18 14:00:00,2851.8,2843.0,2851.85,2836.8,11527,2847.3422741830277,2843.9772905825907,2831.799993710496,59.776536312849025
2025-12-18 15:00:00,2842.3,2847.15,2853.75,2840.5,19312,2847.3239623560726,2844.101710559744,2831.952730091486,64.6743978590545
2025-12-18 16:00:00,2847.0,2844.1,2850.15,2842.35,6212,2847.016918322161,2844.1016434789694,2832.0735984487847,51.94532071503668
2025-12-18 17:00:00,2844.35,2839.4,2847.15,2836.15,13332,2846.291497529574,2843.917265303324,2832.1464979667076,49.89898989898999
2025-12-18 18:00:00,2839.3,2838.1,2841.75,2832.4,14066,2845.5113549077096,2843.689137252213,2832.2057367929096,45.05263157894713
2025-12-18 19:00:00,2837.65,2845.1,2850.0,2836.1,11994,2845.4721782498327,2843.7444652031068,2832.3340379193482,53.43367826904994
2025-12-18 20:00:00,2845.0,2844.75,2845.85,2840.55,4828,2845.4033993688963,2843.78389794024,2832.4575798305987,50.83251714005869
2025-12-18 21:00:00,2844.8,2844.65,2847.15,2842.65,2410,2845.331647048049,2843.817862726897,2832.5788974442244,49.65034965034974
2025-12-18 22:00:00,2844.7,2848.4,2851.75,2844.7,3917,2845.623871138711,2843.997554384666,2832.736321350252,52.85313376987857
2025-12-18 23:00:00,2848.4,2848.8,2849.85,2847.15,3228,2845.926359601691,2844.185885585267,2832.896158948757,51.9542421353672
2025-12-19 08:00:00,2851.2,2849.0,2851.2,2849.0,40,2846.219087258673,2844.3746743858446,2833.0563961731477,42.39999999999982
2025-12-19 09:00:00,2851.7,2858.25,2863.9,2851.7,16180,2847.364888472133,2844.918804802086,2833.3070787982906,57.91666666666664
2025-12-19 10:00:00,2858.4,2865.55,2874.0,2858.4,35161,2849.0968038557394,2845.727871280436,2833.6279038848747,61.33971291866064
2025-12-19 11:00:00,2865.45,2863.05,2867.55,2857.0,22154,2850.4256796790023,2846.4071704459093,2833.92066106015,60.074976569821864
2025-12-19 12:00:00,2863.2,2860.25,2865.3,2859.5,13553,2851.361329233383,2846.950026506854,2834.1826445321885,68.4098185699038
2025-12-19 13:00:00,2859.9,2827.65,2863.4,2795.25,111989,2849.1031074016323,2846.1931627222716,2834.1176430940577,37.051792828685294
2025-12-19 14:00:00,2828.0,2833.55,2835.0,2822.0,23201,2847.6218590776675,2845.6973524194373,2834.111994904067,43.25015994881656
2025-12-19 15:00:00,2833.55,2818.75,2834.75,2815.0,29992,2844.8721582131275,2844.640593501028,2833.95913923338,38.30028328611899
2025-12-19 16:00:00,2818.75,2825.0,2832.95,2815.1,16291,2842.979571716639,2843.8703741480467,2833.869993569366,42.97210300429191
2025-12-19 17:00:00,2824.95,2813.6,2824.95,2811.1,27807,2840.1815172674355,2842.683300652045,2833.6683020910646,33.86270491803285
2025-12-19 18:00:00,2813.9,2814.65,2824.05,2813.2,10813,2837.7499441943464,2841.5839555284356,2833.479065254338,34.68972533062069
2025-12-19 19:00:00,2815.3,2821.2,2822.5,2814.65,7315,2836.1737590329803,2840.784584723399,2833.3568855005637,38.80668257756555
2025-12-19 20:00:00,2821.2,2828.7,2831.3,2819.4,6101,2835.461972458411,2840.3106794401283,2833.3105483314043,40.921658986175025
2025-12-19 21:00:00,2828.65,2825.0,2828.65,2824.3,1752,2834.4655941290384,2839.7102606385547,2833.2278563082064,39.35599284436488
2025-12-19 22:00:00,2825.15,2826.25,2827.7,2824.05,1282,2833.683156592939,2839.18240728018,2833.158424902155,39.92024811696946
2025-12-19 23:00:00,2826.3,2826.0,2827.45,2823.8,1679,2832.951427393612,2838.665450131938,2833.0871967936755,34.47279730380362
2025-12-20 09:00:00,2828.0,2828.0,2828.0,2828.0,103,2832.479862879935,2838.2471971855875,2833.0365779201065,30.948756976154172
2025-12-20 10:00:00,2827.95,2825.75,2832.8,2824.0,4867,2831.8389235580366,2837.757111021447,2832.96407465722,31.027466937945007
2025-12-20 11:00:00,2825.5,2825.0,2825.75,2825.0,1046,2831.1875975048906,2837.2568321578615,2832.8848301332678,31.688311688311686
2025-12-20 12:00:00,2825.25,2825.4,2825.4,2825.0,574,2830.6363977425203,2836.7918583477494,2832.8103542115437,48.24355971896956
2025-12-20 13:00:00,2825.4,2826.9,2827.55,2825.0,739,2830.2805503384707,2836.4039423341123,2832.7515447169017,44.42581726739305
2025-12-20 14:00:00,2827.05,2826.0,2827.05,2825.85,102,2829.8728788776643,2835.99594459552,2832.68436516748,57.92349726775956
2025-12-20 15:00:00,2825.75,2826.4,2826.4,2824.65,313,2829.542128508363,2835.6196330427547,2832.6218341707886,51.754385964912395
2025-12-20 16:00:00,2826.3,2825.75,2829.15,2824.5,1143,2829.1809734123285,2835.2325886097055,2832.5534577113776,70.84048027444263
2025-12-20 17:00:00,2826.1,2827.35,2828.5,2824.5,1000,2829.006594992107,2834.9234674877566,2832.501682012757,71.3804713804712
2025-12-20 18:00:00,2827.7,2827.25,2828.5,2827.05,181,2828.8393002309535,2834.6225471941193,2832.4494264703417,63.01075268817243
2025-12-21 09:00:00,2828.5,2828.5,2828.5,2828.5,1,2828.8069859232437,2834.382447304154,2832.4101286945174,49.41176470588289
2025-12-21 10:00:00,2828.55,2826.45,2829.0,2826.2,922,2828.582511073411,2834.0713709392853,2832.350823931388,54.72312703582992
2025-12-21 11:00:00,2826.35,2824.1,2826.75,2823.95,1163,2828.155605256896,2833.6803367848033,2832.268726180827,43.465045592705
2025-12-21 12:00:00,2824.55,2820.6,2824.55,2820.55,1134,2827.436023803858,2833.1673824010854,2832.1526194526596,36.29441624365479
2025-12-21 13:00:00,2820.55,2820.6,2822.1,2819.8,722,2826.7849739177764,2832.6745438755524,2832.03766801532,29.09604519774018
2025-12-21 14:00:00,2820.25,2820.0,2822.8,2820.0,434,2826.138785925607,2832.177502939256,2831.917890224123,32.087227414330414
2025-12-21 15:00:00,2820.05,2820.15,2820.95,2819.0,521,2825.5684253612635,2831.7058361573245,2831.800796789057,34.304207119741676
2025-12-21 16:00:00,2820.75,2821.05,2821.65,2820.2,815,2825.1380991363812,2831.287960229586,2831.6938236866786,36.363636363636886
2025-12-21 17:00:00,2821.4,2818.9,2821.8,2818.8,548,2824.543994456726,2830.8021578676417,2831.566521958453,25.90361445783185
2025-12-21 18:00:00,2818.75,2818.9,2818.95,2818.0,581,2824.0064711751334,2830.3354065787144,2831.4404869140903,27.388535031847823
2025-12-22 08:00:00,2818.9,2818.9,2818.9,2818.9,20,2823.5201405870253,2829.886959261902,2831.315705949771,25.490196078431666
2025-12-22 09:00:00,2818.9,2809.9,2818.9,2803.65,13693,2822.222984340642,2829.103156937906,2831.1026143482813,16.49048625792844
2025-12-22 10:00:00,2809.65,2796.6,2809.75,2796.6,26197,2819.782700117724,2827.8285233324978,2830.759304752776,6.506364922206956
2025-12-22 11:00:00,2796.75,2802.9,2805.4,2793.8,33616,2818.1748239160356,2826.8509341822037,2830.482097740311,20.697954271962047
2025-12-22 12:00:00,2802.9,2809.4,2814.3,2798.4,26441,2817.3391264002225,2826.166583822117,2830.272325623492,29.594017094017474
2025-12-22 13:00:00,2809.45,2812.65,2815.65,2804.9,10471,2816.892542933535,2825.636521711446,2830.0969790998756,35.625000000000426
2025-12-22 14:00:00,2812.7,2808.55,2814.75,2806.7,7389,2816.098015035103,2824.9664620364874,2829.882581297887,34.371859296482825
2025-12-22 15:00:00,2808.6,2804.6,2808.6,2800.45,10109,2815.0029659841407,2824.167777250743,2829.6310133247744,34.063745019920546
2025-12-22 16:00:00,2804.5,2800.0,2806.3,2798.75,6791,2813.574112080889,2823.220021280126,2829.3361773712945,31.204379562044096
2025-12-22 17:00:00,2800.3,2787.1,2801.6,2783.0,30394,2811.0527680731852,2821.803549857376,2828.9159168999386,25.484351713860136
2025-12-22 18:00:00,2786.75,2787.0,2789.15,2783.3,6512,2808.7620282566913,2820.43870476493,2828.498843099939,25.27964205816572
2025-12-22 19:00:00,2786.65,2789.95,2793.15,2786.25,5968,2806.970406517959,2819.2430692839525,2828.1152725218303,27.49638205499261
2025-12-22 20:00:00,2789.95,2788.8,2791.6,2786.15,2218,2805.2398916114867,2818.0492234296803,2827.7240757803197,27.900146842878158
2025-12-22 21:00:00,2788.75,2788.6,2789.5,2786.15,2091,2803.65514002944,2816.894351922634,2827.3347814939484,27.818448023425987
2025-12-22 22:00:00,2788.95,2784.85,2789.0,2784.35,2487,2801.8641743123508,2815.637710670766,2826.91204734973,26.37057598889652
2025-12-22 23:00:00,2784.75,2786.2,2786.2,2784.3,2782,2800.372348187365,2814.4832906444617,2826.506952351225,31.599378881987406
2025-12-23 08:00:00,2787.45,2787.45,2787.45,2787.45,292,2799.141648359997,2813.423161599581,2826.118325959671,41.26074498567325
2025-12-23 09:00:00,2787.45,2786.05,2790.0,2781.0,11060,2797.894824706664,2812.3497042819504,2825.719636149127,32.244467860906084
2025-12-23 10:00:00,2786.2,2790.35,2796.0,2783.75,18359,2797.176269972696,2811.4869707806974,2825.3676994710263,28.9502762430933
2025-12-23 11:00:00,2790.45,2783.15,2792.2,2777.15,15517,2795.840434737201,2810.3757170245917,2824.9476228593744,20.020325203251375
2025-12-23 12:00:00,2783.0,2777.7,2784.75,2774.05,14862,2794.112774286039,2809.094316356961,2824.477497258784,19.48565776458871
2025-12-23 13:00:00,2778.0,2780.95,2787.6,2775.5,10117,2792.8591767349876,2807.9906176762956,2824.044387833323,26.27883650952802
2025-12-23 14:00:00,2781.35,2801.55,2803.4,2780.5,22872,2793.6868741887984,2807.7380444340884,2823.820563078763,51.17691723614289
2025-12-23 15:00:00,2801.8,2796.1,2802.8,2795.6,14144,2793.916695694627,2807.2816505347123,2823.5447365804666,57.705479452054846
2025-12-23 16:00:00,2796.1,2803.65,2803.65,2793.55,12439,2794.8436770570434,2807.1392328666843,2823.3467790025516,62.64236902050123
2025-12-23 17:00:00,2803.65,2798.6,2808.0,2792.65,21316,2795.2014220992296,2806.8043609895594,2823.100542395561,56.364974245768984
2025-12-23 18:00:00,2798.35,2803.05,2803.25,2797.6,7628,2795.948905708827,2806.657131146832,2822.9010345110287,59.99999999999987
2025-12-23 19:00:00,2799.85,2798.8,2805.45,2797.95,4463,2796.220438498463,2806.3490083567604,2822.661223222362,56.77290836653399
2025-12-23 20:00:00,2798.8,2797.9,2799.5,2795.1,2738,2796.380396736705,2806.017674695711,2822.414842891791,59.006211180124254
2025-12-23 21:00:00,2797.7,2803.0,2804.0,2797.7,3295,2797.0108351427334,2805.8993345115655,2822.221660375455,61.02362204724411
2025-12-23 22:00:00,2803.3,2801.75,2804.65,2800.95,3350,2797.462184176759,2805.736615511112,2822.0179622622663,59.38320209973755
2025-12-23 23:00:00,2801.45,2798.4,2802.1,2798.3,2696,2797.5514999694487,2805.4489050989114,2821.782957662642,57.90147152911052
2025-12-24 08:00:00,2798.4,2798.4,2798.4,2798.4,26,2797.632309496168,2805.1724774479735,2821.5502914172425,55.45023696682466
2025-12-24 09:00:00,2798.4,2789.5,2800.9,2787.5,14938,2796.857803829866,2804.5578704892296,2821.2313830449316,54.20251489080065
2025-12-24 10:00:00,2789.95,2792.3,2795.65,2783.35,26970,2796.423727274641,2804.0771696857305,2820.943508586773,60.01371742112487
2025-12-24 11:00:00,2791.8,2785.95,2797.35,2777.55,25512,2795.426229438961,2803.3663002862904,2820.595314471482,53.28947368421044
2025-12-24 12:00:00,2785.8,2790.45,2795.35,2782.1,11106,2794.9523028257263,2802.859778706436,2820.2953610936565,40.734557595993245
2025-12-24 13:00:00,2790.15,2798.35,2800.3,2789.55,13756,2795.2758930328,2802.682924639517,2820.0769992917294,51.80433039294302
2025-12-24 14:00:00,2799.0,2796.5,2803.6,2795.7,10400,2795.392474648724,2802.4404570065944,2819.8424022838517,43.68932038834954
2025-12-24 15:00:00,2796.7,2798.05,2803.0,2793.65,10069,2795.6455723012264,2802.268282222022,2819.6255624601317,49.48259642521193
2025-12-24 16:00:00,2797.9,2797.6,2799.6,2793.4,7890,2795.831708272538,2802.0852123309623,2819.4064026346578,44.45574771108834
2025-12-24 17:00:00,2798.0,2793.6,2799.2,2792.15,8059,2795.6191646275342,2801.7524589062186,2819.14962250894,44.68302658486691
2025-12-24 18:00:00,2793.25,2787.0,2795.95,2784.1,9797,2794.7982918058647,2801.173931105975,2818.8297257675576,40.018315018315086
2025-12-24 19:00:00,2787.05,2791.15,2793.95,2785.0,4730,2794.450835443401,2800.7808357684858,2818.5543056106667,38.95619757688751
2025-12-24 20:00:00,2790.6,2792.0,2793.0,2789.15,1984,2794.2174225440294,2800.436489267761,2818.290083664292,40.845070422535365
2025-12-24 21:00:00,2792.35,2792.1,2793.1,2789.4,1319,2794.015763254122,2800.1095681200054,2818.0294858168863,43.69999999999993
2025-12-24 22:00:00,2792.1,2793.65,2794.45,2791.6,1773,2793.9809286584914,2799.8562517231426,2817.78690386846,45.392822502424934
2025-12-24 23:00:00,2793.7,2789.95,2794.15,2789.0,2376,2793.5970306910162,2799.4677712634116,2817.5099197503655,50.485436893203676
2025-12-25 08:00:00,2792.0,2792.0,2792.0,2792.0,2,2793.444932529967,2799.1749174883757,2817.2560897030985,49.67105263157876
2025-12-25 09:00:00,2790.1,2786.3,2790.5,2784.8,4914,2792.7644627652085,2798.670018763342,2816.948068910033,50.38932146829851
2025-12-25 10:00:00,2786.6,2780.75,2787.05,2776.45,17319,2791.620228216141,2797.9672729294853,2816.5878891198836,39.456521739130835
2025-12-25 11:00:00,2780.75,2788.4,2790.45,2780.45,11715,2791.313539814604,2797.5920857557803,2816.3074126112283,39.12568306010971
2025-12-25 12:00:00,2788.45,2784.65,2788.7,2783.65,5180,2790.678916975118,2797.0845529810435,2815.9924134807684,37.56558237145891
2025-12-25 13:00:00,2784.4,2780.0,2789.0,2779.0,6404,2789.661877263202,2796.4145705111987,2815.6342800132984,32.21674876847305
2025-12-25 14:00:00,2780.15,2781.95,2783.55,2779.55,4610,2788.927412761944,2795.847332451936,2815.2991130479923,35.02392344497612
2025-12-25 15:00:00,2781.9,2777.4,2782.1,2775.6,8922,2787.829563927473,2795.1239076498996,2814.9220074455247,34.659090909091134
2025-12-25 16:00:00,2777.15,2780.5,2783.7,2775.6,7951,2787.1315102200947,2794.550421075394,2814.5794999087534,43.40770791075053
2025-12-25 17:00:00,2780.05,2782.25,2783.85,2778.6,8872,2786.6666044848475,2794.068051621457,2814.2578133424972,40.51172707889118
2025-12-25 18:00:00,2782.25,2780.25,2782.45,2779.3,5001,2786.0554992958146,2793.526167244145,2813.9194271400843,37.77315296566082
2025-12-25 19:00:00,2780.8,2783.0,2783.7,2780.25,2193,2785.76449936288,2793.113376371826,2813.611771148641,41.025641025641164
2025-12-25 20:00:00,2783.25,2781.05,2784.35,2780.7,1846,2785.3154994235583,2792.6403027886167,2813.287773425769,37.671232876712395
2025-12-25 21:00:00,2781.25,2786.2,2786.2,2780.85,1107,2785.3997375736953,2792.387741894946,2813.018243341931,46.4319695528068
2025-12-25 22:00:00,2786.4,2786.2,2792.0,2783.0,4341,2785.4759530428673,2792.1450853500464,2812.751395149474,44.25742574257397
2025-12-25 23:00:00,2785.9,2781.15,2786.7,2779.75,3416,2785.0639575149753,2791.7139055323973,2812.436953406693,44.8345035105314
2025-12-26 08:00:00,2785.0,2785.0,2785.0,2785.0,16,2785.057866323073,2791.450615119362,2812.163948895184,54.41329179646948
2025-12-26 09:00:00,2785.0,2801.45,2806.7,2782.35,24223,2786.619021911352,2791.842747859779,2812.0573424385157,61.45741878841096
2025-12-26 10:00:00,2801.7,2806.1,2809.7,2799.2,23999,2788.4743531578897,2792.4018557868467,2811.9980653993266,68.53932584269694
2025-12-26 11:00:00,2806.1,2804.45,2812.2,2802.45,24574,2789.995843333329,2792.8743320304998,2811.9229602709756,72.28805834093023
2025-12-26 12:00:00,2804.9,2805.35,2807.1,2800.55,9147,2791.45814396825,2793.3635739116567,2811.857557681215,71.74721189591133
2025-12-26 13:00:00,2805.1,2808.05,2811.0,2804.55,7284,2793.038320733179,2793.939512189631,2811.8196715351332,79.49951876804664
2025-12-26 14:00:00,2808.15,2813.15,2816.0,2805.0,11444,2794.95371875859,2794.692864652783,2811.8329086342865,80.25949953660842
2025-12-26 15:00:00,2813.4,2819.15,2822.35,2808.95,26764,2797.2581264958676,2795.6519679997327,2811.9057155135474,81.70103092783548
2025-12-26 16:00:00,2819.1,2821.8,2822.7,2816.7,11730,2799.5954477819755,2796.677381019351,2812.0041661054524,85.30161427357737
2025-12-26 17:00:00,2821.6,2823.6,2827.6,2821.6,20016,2801.8815956122635,2797.733169998984,2812.119547537239,85.06044905008677
2025-12-26 18:00:00,2823.6,2823.85,2825.3,2821.4,6216,2803.973824601572,2798.7573594107885,2812.236268457267,88.07829181494681
2025-12-26 19:00:00,2824.2,2821.45,2827.1,2818.6,12428,2805.6382222585653,2799.647266884875,2812.3279473780904,82.97474275023399
2025-12-26 20:00:00,2821.75,2823.75,2824.4,2820.85,2261,2807.3631534720353,2800.592472105076,2812.4415996429852,83.67713004484321
2025-12-26 21:00:00,2823.85,2823.65,2825.25,2822.35,2401,2808.9142817127936,2801.496688885269,2812.553126014697,91.83070866141718
2025-12-26 22:00:00,2823.65,2828.7,2830.9,2823.65,5047,2810.7986358353846,2802.5634853995725,2812.7137914274867,92.01923076923059
2025-12-26 23:00:00,2828.7,2835.75,2836.9,2827.95,8260,2813.1749562320147,2803.864917344687,2812.9430074331835,90.25821596244118
2025-12-27 09:00:00,2837.0,2837.0,2837.0,2837.0,64,2815.4440080194418,2805.164332350778,2813.1823804935498,89.41326530612228
2025-12-27 10:00:00,2837.1,2841.3,2845.65,2836.85,5635,2817.9064834461615,2806.58141735663,2813.4621578020715,94.02628434886505
2025-12-27 11:00:00,2842.0,2842.9,2843.6,2841.0,963,2820.286818356051,2808.0056754995076,2813.7550716547876,94.12455934195067
2025-12-27 12:00:00,2842.9,2843.85,2845.4,2841.85,1263,2822.53093089357,2809.411335283841,2814.054523678123,93.8725490196078
2025-12-27 13:00:00,2843.6,2841.85,2844.3,2841.8,363,2824.3708422370396,2810.6834397825137,2814.331095581824,88.06366047745352
2025-12-27 14:00:00,2842.0,2843.0,2843.7,2841.3,885,2826.1450477382737,2811.950755869474,2814.616358312353,86.30136986301366
2025-12-27 15:00:00,2843.0,2843.25,2843.55,2841.45,783,2827.774090810819,2813.178177207926,2814.901270169941,85.2216748768472
2025-12-27 16:00:00,2843.75,2843.35,2845.25,2842.5,559,2829.257510733598,2814.36138594487,2815.184342108549,84.34782608695652
2025-12-27 17:00:00,2843.2,2843.1,2845.25,2843.1,523,2830.575843044684,2815.4883904176204,2815.4621098487623,83.47826086956522
2025-12-27 18:00:00,2843.15,2841.7,2844.3,2841.25,960,2831.635286564238,2816.516296675753,2815.723183382606,86.48648648648648
2025-12-28 09:00:00,2840.0,2840.0,2840.0,2840.0,87,2832.4319259390722,2817.4372262178804,2815.9647437469584,79.92633517495436
2025-12-28 10:00:00,2839.55,2827.3,2843.65,2827.0,4796,2831.9431710877325,2817.8240016603168,2816.077532366392,54.59119496855362
2025-12-28 11:00:00,2828.45,2831.0,2832.05,2827.3,2318,2831.8533452698534,2818.340707477559,2816.2260146314034,52.99479166666693
2025-12-28 12:00:00,2830.45,2829.4,2832.5,2828.35,1109,2831.6196933393912,2818.7744052235375,2816.357099062932,40.364188163884634
2025-12-28 13:00:00,2829.4,2830.3,2831.6,2829.35,587,2831.4940082594494,2819.2263893324184,2816.495834395639,39.72392638036821
2025-12-28 14:00:00,2830.3,2834.5,2834.5,2830.15,789,2831.780293187121,2819.8253544566373,2816.674980322051,39.53846153846097
2025-12-28 15:00:00,2834.5,2841.0,2843.1,2834.5,2777,2832.658360502633,2820.65573271324,2816.9170203188464,47.459893048128166
2025-12-28 16:00:00,2841.5,2842.8,2844.0,2841.15,1005,2833.6242309309537,2821.5241353519364,2817.174562405226,48.6274509803925
2025-12-28 17:00:00,2843.0,2845.0,2845.0,2843.0,1398,2834.707637508958,2822.4447574949977,2817.451432431045,54.09622886866078
2025-12-28 18:00:00,2844.95,2847.45,2852.3,2844.4,3751,2835.9211958414385,2823.425355240292,2817.7499256406863,55.59748427672946
2025-12-29 08:00:00,2852.0,2852.0,2852.0,2852.0,25,2837.4525105232065,2824.5459295445944,2818.0907224004804,59.93189557321243
2025-12-29 09:00:00,2850.25,2837.05,2850.25,2834.0,18535,2837.414176187663,2825.0362852487283,2818.279371928834,44.651952461799816
2025-12-29 10:00:00,2837.05,2838.45,2841.5,2831.05,19590,2837.5128260745523,2825.5623132781902,2818.480074695711,46.1282264779349
2025-12-29 11:00:00,2838.45,2882.4,2882.95,2838.35,40114,2841.7877950198335,2827.7912421692417,2819.116093852968,69.83430799220307
2025-12-29 12:00:00,2882.4,2870.45,2884.75,2863.5,45960,2844.5175288274686,2829.464134633193,2819.626878988759,63.49136021267168
2025-12-29 13:00:00,2870.3,2870.6,2873.7,2868.35,8723,2847.0015737010426,2831.0773058240484,2820.1340742227017,71.58524426719833
2025-12-29 14:00:00,2871.5,2872.95,2874.55,2867.2,8319,2849.4728523961817,2832.719372262321,2820.659605822476,71.19757453259217
2025-12-29 15:00:00,2872.7,2871.6,2879.0,2866.35,14353,2851.5801997870212,2834.244102761838,2821.166475416282,71.37791286727452
2025-12-29 16:00:00,2871.85,2850.9,2872.1,2845.2,37232,2851.515418854924,2834.89727520255,2821.462331382289,58.69198312236286
2025-12-29 17:00:00,2850.75,2848.65,2855.75,2846.75,17843,2851.242521821122,2835.4365977436264,2821.732855448137,56.07035607035612
2025-12-29 18:00:00,2848.65,2802.0,2848.65,2799.65,103186,2846.552757838158,2834.1253586164257,2821.536508627758,37.55583918315251
2025-12-29 19:00:00,2805.2,2812.15,2853.85,2795.45,39593,2843.276304710714,2833.2635798471542,2821.4431105319595,40.714934868221704
2025-12-29 20:00:00,2811.85,2812.55,2817.9,2809.65,6881,2840.3499899763606,2832.4512825982465,2821.3546218699503,40.06125574272593
2025-12-29 21:00:00,2812.7,2821.8,2822.0,2808.15,13054,2838.583324264326,2832.0335852414523,2821.359053493135,42.45810055865934
2025-12-29 22:00:00,2821.45,2817.75,2821.85,2816.2,2399,2836.599198143914,2831.4734446437483,2821.323142513104,39.899734591565924
2025-12-29 23:00:00,2817.95,2814.55,2819.8,2811.95,4383,2834.4992745111604,2830.8097801479153,2821.2557480602372,42.87072243346008
2025-12-30 08:00:00,2819.0,2819.0,2819.0,2819.0,46,2833.023153129145,2830.346651514664,2821.2333028059065,43.953994404724966
2025-12-30 09:00:00,2819.0,2815.45,2819.9,2810.45,7723,2831.3495194977977,2829.7624691023243,2821.1757575043557,22.208385222083805
2025-12-30 10:00:00,2815.15,2811.25,2815.3,2804.65,17201,2829.4352795456266,2829.036489921841,2821.0769937480936,23.735581188997386
2025-12-30 11:00:00,2810.75,2814.0,2816.85,2806.3,9854,2827.9652529222335,2828.4468236503967,2821.006575899854,25.455333911535106
2025-12-30 12:00:00,2814.4,2817.75,2820.85,2811.5,17779,2826.9923716915446,2828.027340369989,2820.974172159557,26.34961439588693
2025-12-30 13:00:00,2818.1,2821.85,2822.05,2815.3,7973,2826.5026220066356,2827.7850917280284,2820.982886864437,29.175387191293396
2025-12-30 14:00:00,2822.0,2819.65,2823.45,2816.35,7673,2825.849991339337,2827.466068523008,2820.9696243085723,34.522040614165405
2025-12-30 15:00:00,2820.05,2826.1,2826.95,2820.05,7269,2825.8738016879715,2827.4124972083805,2821.020672822915,39.27722301474073
2025-12-30 16:00:00,2826.9,2831.05,2833.65,2826.9,13514,2826.3667729557837,2827.5551443766794,2821.1204671231844,72.89204097714757
2025-12-30 17:00:00,2831.45,2831.05,2837.7,2829.15,9124,2826.8127945790425,2827.6921975383784,2821.2192684453416,67.72983114446546
2025-12-30 18:00:00,2830.9,2829.05,2832.15,2825.55,6893,2827.025861761991,2827.7454446937363,2821.2971861722535,65.02732240437169
2025-12-30 19:00:00,2831.15,2833.6,2833.7,2829.85,2351,2827.651970165611,2827.9750350979034,2821.4196022302413,61.75298804780864
2025-12-30 20:00:00,2833.2,2829.8,2833.35,2825.9,3657,2827.8565444355527,2828.046602348966,2821.5029892727266,62.06206206206251
2025-12-30 21:00:00,2829.75,2828.6,2831.35,2827.6,1651,2827.9273497274053,2828.0683042176342,2821.5736062948886,64.65067778936384
2025-12-30 22:00:00,2828.55,2824.15,2829.55,2822.0,4451,2827.5676021343193,2827.9146452287077,2821.599242053149,55.37017726798765
2025-12-30 23:00:00,2824.3,2827.3,2827.5,2822.0,3641,2827.542116216765,2827.8905414942487,2821.655966012819,62.46056782334442
2026-01-05 08:00:00,2816.65,2815.05,2816.65,2815.05,111,2826.352390862787,2827.3869908474157,2821.5902350077167,53.41726618705056
2026-01-05 09:00:00,2815.0,2788.85,2815.0,2783.05,27500,2822.7807345901406,2825.87573630438,2821.2644615250533,34.09234661606567
2026-01-05 10:00:00,2788.25,2796.55,2798.0,2783.2,19962,2820.2825693910795,2824.7257074296986,2821.018546485003,37.22891566265072
2026-01-05 11:00:00,2796.55,2801.7,2801.7,2792.75,7393,2818.5128008776437,2823.822738510887,2820.826322141869,38.013087447947555
2026-01-05 12:00:00,2801.7,2801.8,2804.75,2796.45,7285,2816.9211055559635,2822.9591017065386,2820.6370055036414,39.10921293471639
2026-01-05 13:00:00,2801.9,2799.4,2803.4,2798.15,4868,2815.2524288363484,2822.035215365106,2820.4256920160433,32.86264441591808
2026-01-05 14:00:00,2800.05,2799.3,2801.35,2795.6,3426,2813.733149899553,2821.143638291965,2820.2154861253366,28.268309377139005
2026-01-05 15:00:00,2799.6,2801.95,2802.7,2795.15,3860,2812.610945147215,2820.390946594241,2820.0337399947366,30.77939233817672
2026-01-05 16:00:00,2802.0,2805.65,2807.95,2801.55,6251,2811.947997990337,2819.812870257212,2819.8906182037445,34.88372093023251
2026-01-05 17:00:00,2805.65,2812.2,2814.35,2805.45,10412,2811.9719981817334,2819.5143263255572,2819.8140946395283,36.52392947103271
2026-01-05 18:00:00,2812.45,2809.0,2816.9,2809.0,6456,2811.688950735854,2819.1019998029865,2819.706491707792,36.802030456852705
2026-01-05 19:00:00,2809.5,2807.9,2814.1,2807.3,5625,2811.3280982848205,2818.6627056930656,2819.589014178361,36.84879288437112
2026-01-05 20:00:00,2807.55,2806.9,2809.75,2805.2,2787,2810.906374638647,2818.201423116867,2819.462755330815,38.53820598006646
2026-01-05 21:00:00,2807.05,2808.7,2810.65,2807.05,1717,2810.6962437206807,2817.8288182887545,2819.3556632379714,37.415426251691166
2026-01-05 22:00:00,2808.35,2807.45,2808.9,2806.4,958,2810.3870776520444,2817.4218058068427,2819.237198927146,43.95866454689952
2026-01-05 23:00:00,2807.65,2809.4,2809.85,2806.35,1701,2810.2930702566114,2817.1072251869664,2819.1393163507564,76.58473479948302
2026-01-06 08:00:00,2814.0,2811.85,2814.0,2811.85,12,2810.441349279791,2816.90105949336,2819.0667858398037,72.90419161676662
2026-01-06 09:00:00,2813.95,2818.1,2819.95,2807.75,17365,2811.1707445864777,2816.9480767681302,2819.057166080204,73.76811594202943
2026-01-06 10:00:00,2817.9,2815.1,2817.9,2810.4,11860,2811.544959387765,2816.87560316938,2819.0177912933364,67.78074866310163
2026-01-06 11:00:00,2814.8,2818.5,2819.7,2813.4,5725,2812.207344207978,2816.939305005875,2819.012639141164,74.86979166666708
2026-01-06 12:00:00,2818.5,2814.1,2821.25,2813.5,11571,2812.3875971405514,2816.8279597115275,2818.96375715966,67.33021077283365
2026-01-06 13:00:00,2814.0,2815.5,2816.7,2811.95,3463,2812.684016460499,2816.775882860095,2818.9292919142904,66.3449939686372
2026-01-06 14:00:00,2815.35,2810.9,2816.6,2810.4,3692,2812.514110130928,2816.5454560812677,2818.849398462407,56.198347107438096
2026-01-06 15:00:00,2810.95,2810.6,2811.75,2807.0,4741,2812.3318139279827,2816.312300940826,2818.767314895617,47.78393351800566
2026-01-06 16:00:00,2810.65,2803.75,2813.35,2802.05,8087,2811.514498315794,2815.8196616882447,2818.617888876755,43.39622641509434
2026-01-06 17:00:00,2803.3,2804.0,2804.55,2799.85,8438,2810.7988318095277,2815.356145543608,2818.4724372461405,44.98714652956288
2026-01-06 18:00:00,2804.0,2805.9,2807.1,2803.5,3524,2810.3322763990964,2814.9853163066036,2818.34733836807,48.74371859296483
2026-01-06 19:00:00,2806.25,2808.2,2809.0,2805.5,2383,2810.129202456325,2814.7192254710503,2818.246369827094,49.37965260545906
2026-01-06 20:00:00,2808.15,2807.05,2809.2,2807.05,1303,2809.8359450795324,2814.4184715310093,2818.1349631621483,49.50248756218951
2026-01-06 21:00:00,2807.3,2805.3,2808.25,2803.75,1355,2809.403950310053,2814.060884412146,2818.007252085908,44.87500000000006
2026-01-06 22:00:00,2805.0,2806.4,2806.85,2802.45,1446,2809.117859804334,2813.760457572454,2817.8917570402773,42.94954721862889
2026-01-06 23:00:00,2806.9,2807.9,2811.2,2805.75,2710,2809.001873156302,2813.5306357068675,2817.792336572215,34.955752212389484
2026-01-08 08:00:00,2789.0,2792.0,2792.0,2789.0,389,2807.382647141416,2812.6862970516963,2817.5356964073176,25.320512820512775
2026-01-08 09:00:00,2788.7,2785.0,2789.0,2778.7,16630,2805.250966461281,2811.600559912414,2817.2119581346083,16.76587301587277
2026-01-08 10:00:00,2784.4,2788.55,2789.8,2781.2,11793,2803.6603982268734,2810.696616386437,2816.926764521329,24.217961654894168
2026-01-08 11:00:00,2788.4,2786.5,2788.9,2784.85,5478,2802.026074586219,2809.747729469322,2816.6240106454948,21.11553784860547
2026-01-08 12:00:00,2787.0,2791.75,2794.15,2787.0,7544,2801.0474008161027,2809.0419361567997,2816.3765080520075,31.170108161258483
2026-01-08 13:00:00,2792.15,2786.1,2792.6,2785.4,5943,2799.623838833617,2808.1422523859446,2816.0752492654206,28.20284697508889
2026-01-08 14:00:00,2786.45,2782.95,2787.6,2782.75,2997,2798.035854182796,2807.154320919829,2815.7456447951176,30.190476190476005
2026-01-08 15:00:00,2782.8,2778.15,2783.6,2774.1,16748,2796.141963308244,2806.016896570032,2815.371558777256,27.344434706397863
2026-01-08 16:00:00,2778.4,2777.5,2782.1,2777.0,7860,2794.366538231269,2804.8985869006187,2814.9947273466364,24.551971326164676
2026-01-08 17:00:00,2777.4,2780.4,2781.65,2775.85,5105,2793.036391733053,2803.9378580025555,2814.650501203884,25.354609929078293
2026-01-08 18:00:00,2780.65,2780.0,2781.9,2779.45,3652,2791.794830615619,2802.9991184730434,2814.3057200973776,25.696316262354074
2026-01-08 19:00:00,2779.15,2779.6,2780.65,2774.9,4287,2790.6334181760362,2802.0815059839047,2813.960389549145,26.33517495395951
2026-01-08 20:00:00,2779.65,2778.1,2780.05,2776.9,1227,2789.4397593021276,2801.1410547688497,2813.6035697526363,24.13162705667294
2026-01-08 21:00:00,2778.1,2782.95,2783.3,2777.2,2496,2788.821686987639,2800.427680072032,2813.2985591083316,28.509905254091294
2026-01-08 22:00:00,2782.95,2780.0,2784.25,2777.5,2551,2787.9815263221494,2799.6265945790115,2812.9672301619803,36.69623059866973
2026-01-08 23:00:00,2779.95,2778.6,2782.15,2778.05,1450,2787.0880476248017,2798.80202224258,2812.625267672807,41.89873417721517
2026-01-09 08:00:00,2785.3,2786.05,2786.05,2785.3,161,2786.989185946249,2798.3019429389497,2812.3608371486994,47.119815668202804
2026-01-09 09:00:00,2786.7,2782.35,2792.95,2768.45,27420,2786.547358713273,2797.676376549187,2812.0622218536873,45.39400665926745
2026-01-09 10:00:00,2782.35,2781.8,2784.45,2778.7,9952,2786.095229312009,2797.053773547258,2811.7611052183274,37.67038413878596
2026-01-09 11:00:00,2781.6,2786.65,2788.2,2780.55,7511,2786.1480646156274,2796.645782427758,2811.5112434748617,50.69532237673853
2026-01-09 12:00:00,2786.65,2784.85,2787.05,2780.75,5793,2786.024439414139,2796.1832027247087,2811.245957470137,52.4869109947645
2026-01-09 13:00:00,2784.85,2784.1,2787.3,2782.1,4199,2785.8411594699355,2795.7093516374653,2810.975848440584,58.71156661786197
2026-01-09 14:00:00,2784.0,2787.05,2789.8,2783.9,5074,2785.9562871394655,2795.36976922031,2810.7377802968963,63.10013717421124
2026-01-09 15:00:00,2786.95,2782.05,2787.65,2782.05,2349,2785.58425979285,2794.8474253293175,2810.4523297466785,52.14007782101175
2026-01-09 16:00:00,2782.45,2783.25,2784.7,2781.55,2513,2785.361949336388,2794.392624336011,2810.1816597989505,54.129606099110504
2026-01-09 17:00:00,2783.0,2784.65,2787.0,2783.0,7923,2785.2941446376844,2794.0105606365596,2809.927613432792,56.25774473358134
2026-01-09 18:00:00,2784.8,2783.0,2785.7,2782.5,2884,2785.0756546721905,2793.5787739449297,2809.6596769807247,56.04938271604942
2026-01-09 19:00:00,2784.75,2783.45,2785.75,2782.15,2505,2784.9208304176964,2793.18156712356,2809.3988841749465,50.69252077562325
2026-01-09 20:00:00,2783.4,2783.25,2785.85,2781.95,3666,2784.761703711249,2792.792093903028,2809.1386962727083,54.87256371814087
2026-01-09 21:00:00,2783.05,2781.8,2783.95,2780.65,5534,2784.47963669113,2792.361031397027,2808.8666694441245,54.79041916167704
2026-01-09 22:00:00,2781.9,2782.65,2783.4,2781.55,1009,2784.305385577689,2791.9802066363595,2808.605807061596,43.65671641791021
2026-01-09 23:00:00,2782.5,2784.7,2785.0,2782.4,2434,2784.3429679036235,2791.6947083368946,2808.3679383346152,54.67196819085485
2026-01-12 08:00:00,2786.35,2786.35,2786.35,2786.35,923,2784.534113817564,2791.4851119315263,2808.148854371087,58.666666666666295
2026-01-12 09:00:00,2786.75,2793.4,2799.35,2786.75,23413,2785.378483930177,2791.5602055812706,2808.002099601226,61.8629173989456
2026-01-12 10:00:00,2793.25,2808.7,2808.8,2793.25,28122,2787.5995806987316,2792.232354382005,2808.009043883801,78.42669845053668
2026-01-12 11:00:00,2808.75,2804.1,2811.45,2802.35,13335,2789.1710492036145,2792.697752249377,2807.9701479247583,71.83406113537153
2026-01-12 12:00:00,2804.35,2807.25,2807.7,2803.05,7161,2790.8928540413654,2793.2684286317544,2807.9629822737656,71.95652173913066
2026-01-12 13:00:00,2807.2,2802.3,2807.65,2800.6,8666,2791.9792488945686,2793.6226079010976,2807.90663419144,72.03482045701902
2026-01-12 14:00:00,2802.25,2797.7,2802.4,2795.9,6291,2792.524082333181,2793.7825056304664,2807.8050756422717,64.64032421479229
2026-01-12 15:00:00,2797.7,2796.55,2798.4,2794.9,5536,2792.9075030633544,2793.8910348214285,2807.693084839861,62.11812627291276
2026-01-12 16:00:00,2796.2,2791.85,2799.15,2790.55,9784,2792.806788485892,2793.810994240196,2807.5354422046385,58.48513902205182
2026-01-12 17:00:00,2791.75,2784.95,2791.75,2783.25,16906,2792.058522915807,2793.4635042699924,2807.310711436433,51.27986348122868
2026-01-12 18:00:00,2784.9,2785.95,2788.05,2781.7,9951,2791.4767588285868,2793.168857043718,2807.098167044031,52.27272727272713
2026-01-12 19:00:00,2787.25,2787.5,2789.0,2785.1,5425,2791.098019892531,2792.946548924357,2806.903160406777,54.7899159663864
2026-01-12 20:00:00,2787.6,2786.7,2789.25,2785.35,4303,2790.679160855147,2792.7015862214416,2806.7021339350676,53.40622371740935
2026-01-12 21:00:00,2787.0,2787.9,2787.9,2785.95,1048,2790.4144788689428,2792.513288722562,2806.515048025266,52.73037542662136
2026-01-12 22:00:00,2787.9,2787.7,2788.7,2787.1,1105,2790.1559570719005,2792.3245323020697,2806.3278336170542,51.181102362204626
2026-01-12 23:00:00,2787.7,2788.6,2788.9,2787.4,1477,2790.0077706841003,2792.1784722117927,2806.1514372626557,45.29411764705873
2026-01-13 08:00:00,2788.9,2788.9,2788.9,2788.9,10,2789.902268714186,2792.0499046740756,2805.97978117049,22.50000000000142
2026-01-13 09:00:00,2788.75,2780.2,2788.75,2776.6,11171,2788.978243122359,2791.585202529994,2805.7232659349625,20.19950124688397
2026-01-13 10:00:00,2780.05,2779.05,2784.7,2775.75,13816,2788.032696158325,2791.0936259601904,2805.457860303769,12.992125984253448
2026-01-13 11:00:00,2778.85,2773.05,2781.5,2770.3,15805,2786.605772714675,2790.386032785281,2805.1353940320896,12.643678160920928
2026-01-13 12:00:00,2773.0,2779.5,2780.7,2772.15,12001,2785.9290324561343,2789.959129538799,2804.880315484507,27.804878048781205
2026-01-13 13:00:00,2779.45,2780.15,2786.2,2777.7,9788,2785.378648412693,2789.5744577921796,2804.6342426936167,29.753086419753657
2026-01-13 14:00:00,2780.15,2780.3,2782.15,2776.55,7363,2784.894967611484,2789.2107535650352,2804.392110925521,33.93602225313026
2026-01-13 15:00:00,2780.65,2778.8,2780.85,2776.55,3725,2784.3144945056283,2788.802488719348,2804.137463055615,39.93453355155578
2026-01-13 16:00:00,2778.95,2784.2,2790.45,2778.55,24535,2784.303590266997,2788.621998965648,2803.939080338644,47.49642346208875
2026-01-13 17:00:00,2784.45,2782.75,2786.25,2779.2,14239,2784.1556292891883,2788.391724496407,2803.7282437183594,43.1850789096127
2026-01-13 18:00:00,2782.75,2775.2,2786.2,2771.5,12833,2783.3027122140275,2787.8744019671362,2803.444380596784,36.17788461538474
2026-01-13 19:00:00,2776.95,2775.85,2778.9,2773.6,3368,2782.5929300984058,2787.4028567919545,2803.1698096455725,35.32277710109608
2026-01-13 20:00:00,2775.55,2771.4,2776.85,2771.0,3225,2781.5269367557003,2786.7752937805053,2802.8536921366617,32.008830022075244
2026-01-13 21:00:00,2771.35,2772.3,2774.4,2771.2,2343,2780.648180874205,2786.2076352008776,2802.5496752994814,32.008830022075244
2026-01-13 22:00:00,2772.15,2774.0,2774.0,2771.65,1127,2780.0150207909473,2785.7289044086865,2802.2655989283426,34.04710920770846
2026-01-13 23:00:00,2773.95,2773.35,2773.95,2771.45,1594,2779.3802569060954,2785.2434571769736,2801.9778815260706,41.13842173350575
2026-01-14 08:00:00,2773.35,2773.35,2773.35,2773.35,21,2778.8059467245625,2784.777047091602,2801.693026983523,42.399999999999544
2026-01-14 09:00:00,2773.35,2766.65,2775.0,2764.15,14934,2777.6482375127,2784.0661824997746,2801.344340147866,41.623036649214406
2026-01-14 10:00:00,2766.25,2760.2,2766.9,2753.6,40623,2775.9865006067284,2783.130253774293,2800.9349437284845,24.7382198952876
2026-01-14 11:00:00,2760.15,2783.0,2796.0,2759.8,60717,2776.654452929897,2783.1251457831445,2800.7564865769573,52.36122618061302
2026-01-14 12:00:00,2782.9,2789.05,2793.9,2781.8,21407,2777.8349812222878,2783.357493007335,2800.640004123455,56.60377358490566
2026-01-14 13:00:00,2789.65,2785.05,2793.15,2783.6,9020,2778.5221258677843,2783.4238658305767,2800.4848797043164,54.54545454545455
2026-01-14 14:00:00,2785.9,2790.95,2792.6,2785.9,6186,2779.7057329279955,2783.719008347025,2800.390005279398,54.87364620938629
2026-01-14 15:00:00,2791.0,2790.55,2794.9,2787.5,8344,2780.738520268186,2783.986890372632,2800.292094779106,55.71847507331393
2026-01-14 16:00:00,2790.8,2790.5,2792.4,2783.7,7964,2781.6681850045493,2784.2423064364502,2800.1946610002096,62.60296540362457
2026-01-14 17:00:00,2790.6,2787.1,2801.2,2785.4,29248,2782.1855007184017,2784.3543728507075,2800.064365865879,58.86524822695038
2026-01-14 18:00:00,2787.3,2783.9,2789.65,2778.65,13709,2782.348786364268,2784.3365543075424,2799.9035264045274,60.048231511254045
2026-01-14 19:00:00,2780.05,2779.45,2782.8,2775.55,10253,2782.072711472433,2784.1449247268547,2799.7000087288607,55.43726235741418
2026-01-14 20:00:00,2779.1,2780.2,2782.7,2776.65,3067,2781.894357998868,2783.99022179639,2799.50597879126,54.7839506172838
2026-01-14 21:00:00,2779.65,2783.25,2783.9,2778.1,1567,2782.0234667608806,2783.9611934906493,2799.3442277585114,57.366071428571466
2026-01-14 22:00:00,2783.75,2787.3,2787.3,2780.2,3796,2782.525993736035,2784.0921270792514,2799.224384696238,59.789473684210655
2026-01-14 23:00:00,2787.3,2778.5,2787.7,2777.7,4060,2782.142565761175,2783.8728279781044,2799.0181719131906,58.077709611451795
2026-01-15 08:00:00,2779.95,2779.95,2779.95,2779.95,38,2781.933749974396,2783.718991586806,2798.8284388593283,64.44769568397945
2026-01-15 09:00:00,2780.0,2781.25,2786.3,2777.35,13713,2781.868630929215,2783.6221683873237,2798.653529019932,48.1323372465315
2026-01-15 10:00:00,2780.8,2772.35,2782.9,2772.35,16649,2780.9620946502423,2783.180122568213,2798.3918023630176,33.19919517102598
2026-01-15 11:00:00,2772.3,2775.25,2779.25,2771.55,10941,2780.4180856359335,2782.8691373694596,2798.1615356728385,39.91769547325091
2026-01-15 12:00:00,2775.25,2771.6,2776.0,2770.75,13236,2779.578267956321,2782.4272104137945,2797.8972417855466,29.12621359223347
2026-01-15 13:00:00,2771.8,2783.6,2790.0,2771.8,34813,2779.9612900557186,2782.473202162273,2797.7549806732527,44.0034512510784
2026-01-15 14:00:00,2783.6,2792.05,2794.35,2783.0,13424,2781.1125957646977,2782.848762861792,2797.6982146964046,51.168048229088285
2026-01-15 15:00:00,2792.4,2788.35,2794.0,2787.35,5158,2781.801872358536,2783.0644976515255,2797.605197634749,50.93773443360838
2026-01-15 16:00:00,2789.05,2790.3,2793.6,2783.65,11199,2782.6112178481994,2783.348242841662,2797.53250910107,54.8929663608562
2026-01-15 17:00:00,2789.95,2785.4,2795.5,2781.0,15690,2782.876816148371,2783.4287039066944,2797.4117876174773,54.517843583902895
2026-01-15 18:00:00,2785.5,2781.65,2787.7,2778.35,8921,2782.7599765151926,2783.358950812314,2797.254953909841,51.053013798112005
2026-01-15 19:00:00,2782.3,2784.3,2792.45,2779.0,10081,2782.9066454185077,2783.395854702027,2797.1260488958123,50.76698319941574
2026-01-15 20:00:00,2784.55,2787.2,2790.4,2784.25,5649,2783.3155363310307,2783.545036870575,2797.0272822401325,49.925705794947724
2026-01-15 21:00:00,2786.7,2787.7,2789.5,2786.55,2244,2783.7331042995042,2783.707976601141,2796.934473461624,57.79661016949125
2026-01-15 22:00:00,2787.8,2792.7,2797.2,2787.8,10193,2784.587094366218,2784.060604969724,2796.892339397329,60.191846522781596
2026-01-15 23:00:00,2792.65,2793.0,2794.0,2789.15,2708,2785.3883234741975,2784.411169480715,2796.853609652082,59.54508529650674
2026-01-16 08:00:00,2792.0,2792.0,2792.0,2792.0,13,2786.0180069528456,2784.70877067755,2796.8053150286783,68.31314072693357
2026-01-16 09:00:00,2790.3,2789.9,2794.5,2786.9,11189,2786.387720576384,2784.9123482980385,2796.736605426403,63.859981078523994
2026-01-16 10:00:00,2790.35,2802.0,2802.4,2787.6,30503,2787.874604331014,2785.582452286351,2796.788977511713,74.79608482871107
2026-01-16 11:00:00,2801.95,2805.25,2809.5,2801.85,23879,2789.5294039185364,2786.3537286672786,2796.8731667902034,70.59942911512829
2026-01-16 12:00:00,2805.5,2806.5,2808.2,2803.2,8270,2791.14565116439,2787.143778523464,2796.9689561753758,65.93164277838997
2026-01-16 13:00:00,2806.4,2804.65,2809.85,2802.8,10214,2792.4317796249243,2787.8302970127397,2797.0453844721383,68.73563218390825
2026-01-16 14:00:00,2804.7,2807.0,2807.1,2802.6,5673,2793.8192291844553,2788.582050071064,2797.144435372913,69.02050113895211
2026-01-16 15:00:00,2807.0,2802.4,2807.2,2802.4,2633,2794.6364454526024,2789.123930460434,2797.196729548307,69.49541284403693
2026-01-16 16:00:00,2802.45,2815.85,2819.8,2801.3,29475,2796.6567839809263,2790.1720116188485,2797.3823342294186,82.08255159474699
2026-01-16 17:00:00,2815.85,2816.55,2821.95,2815.3,17189,2798.551375982743,2791.2064425357567,2797.5730572719117,81.40214216163616
2026-01-16 18:00:00,2816.35,2818.1,2819.45,2812.4,8176,2800.413149698672,2792.26109184808,2797.777305458261,80.90000000000038
2026-01-16 19:00:00,2817.85,2816.1,2820.2,2815.5,6341,2801.9071354416556,2793.1959509912926,2797.9596208268354,77.57281553398091
2026-01-16 20:00:00,2816.1,2816.8,2818.5,2815.85,2054,2803.3255034948315,2794.121599972026,2798.14708728627,75.52966101694963
2026-01-16 21:00:00,2817.05,2819.75,2820.3,2817.0,2298,2804.8897412572287,2795.126635267241,2798.3620416416306,76.83049147442357
2026-01-16 22:00:00,2819.6,2817.8,2822.4,2817.0,4211,2806.1192897089213,2796.0157868253887,2798.5554541626093,75.39370078740211
2026-01-16 23:00:00,2817.7,2818.8,2820.0,2811.45,5895,2807.32697640331,2796.909285381256,2798.7568924296484,79.07444668008094
2026-01-17 09:00:00,2818.8,2818.8,2818.8,2818.8,2,2808.4196453172804,2797.7677447780693,2798.9563263358214,72.34042553191546
2026-01-17 10:00:00,2817.55,2817.0,2820.25,2815.2,2769,2809.2368219537298,2798.521950865204,2799.135865377256,66.25172890733073
2026-01-17 11:00:00,2817.0,2819.5,2819.5,2816.7,1405,2810.214267481946,2799.3446194587254,2799.3384935824574,67.3796791443852
2026-01-17 12:00:00,2819.55,2818.75,2821.2,2817.05,2453,2811.0271943884272,2800.1056147740696,2799.531642900045,69.4214876033058
2026-01-17 13:00:00,2818.0,2819.1,2820.0,2817.5,324,2811.7960330181004,2800.850492626067,2799.7263529209404,67.63848396501459
2026-01-17 14:00:00,2818.95,2817.7,2819.8,2816.05,1116,2812.358315587805,2801.511257621123,2799.9051951804336,74.59807073954947
2026-01-17 15:00:00,2817.7,2817.9,2818.2,2817.2,122,2812.886095055633,2802.153953400687,2800.0842479647076,55.7422969187679
2026-01-17 16:00:00,2817.25,2818.0,2818.1,2817.15,87,2813.3731336217634,2802.775366992817,2800.262514154114,54.20289855072411
2026-01-17 17:00:00,2818.0,2816.85,2818.0,2816.0,285,2813.704263753024,2803.327313385256,2800.4275637645205,46.290801186943696
2026-01-17 18:00:00,2816.3,2816.95,2818.35,2816.0,364,2814.0133814908313,2803.8615363897557,2800.5919661151224,52.84280936454814
2026-01-18 10:00:00,2817.15,2819.55,2820.4,2816.25,1195,2814.5406784917045,2804.4767702568242,2800.780603268206,58.160237388723864
2026-01-18 11:00:00,2819.6,2818.1,2819.6,2817.7,484,2814.879661492495,2805.011014560478,2800.952935573995,44.62540716612377
2026-01-18 12:00:00,2818.2,2817.4,2818.8,2817.35,597,2815.119693731305,2805.496857126734,2801.1165879563437,48.58156028368771
2026-01-18 13:00:00,2817.4,2818.3,2818.7,2817.4,385,2815.422580042609,2805.99894116098,2801.2875671806587,48.21428571428583
2026-01-18 14:00:00,2818.7,2819.0,2819.0,2817.55,396,2815.7632867052175,2806.5087866056474,2801.463810293289,50.68027210884289
2026-01-18 15:00:00,2819.0,2820.75,2821.0,2818.6,1409,2816.238211780911,2807.067265562289,2801.6557126784305,62.79863481228622
2026-01-18 16:00:00,2820.6,2820.75,2820.75,2819.9,404,2816.667905897015,2807.6038433833755,2801.845705587103,55.14403292181047
2026-01-18 17:00:00,2820.75,2825.3,2827.95,2820.65,2681,2817.490010097299,2808.297810309518,2802.079081650913,70.53291536050119
2026-01-18 18:00:00,2825.3,2824.95,2828.3,2822.5,1183,2818.200485326128,2808.950837356204,2802.3066529777693,68.33855799372876
2026-01-19 08:00:00,2828.0,2828.0,2828.0,2828.0,9,2819.1337724379255,2809.6978633422355,2802.5623081720205,79.26136363636203
2026-01-19 09:00:00,2826.6,2816.45,2826.6,2813.6,17103,2818.8781750628846,2809.962653015089,2802.7004941603586,47.49568221070775
2026-01-19 10:00:00,2816.0,2818.0,2822.25,2807.9,23499,2818.79453934261,2810.277843092929,2802.8527280493104,50.0
2026-01-19 11:00:00,2817.9,2830.25,2834.35,2817.7,34233,2819.885535595695,2811.0610649324217,2803.1253377204616,66.1445783132526
2026-01-19 12:00:00,2830.35,2829.35,2830.7,2825.8,7546,2820.7869131580096,2811.778278072327,2803.3862796336907,64.65721040189082
2026-01-19 13:00:00,2829.45,2827.7,2829.7,2823.4,7127,2821.4453023810565,2812.4026593243925,2803.6282071995247,59.854897218862625
2026-01-19 14:00:00,2827.55,2825.75,2829.55,2825.25,4227,2821.8552735828607,2812.9260844489263,2803.848324540823,59.13978494623649
2026-01-19 15:00:00,2825.5,2827.55,2828.8,2821.7,5063,2822.397628479731,2813.4995713332823,2804.084162107581,61.8160651920836
2026-01-19 16:00:00,2827.55,2826.75,2829.25,2817.6,10910,2822.81214005309,2814.0191959868794,2804.309692832879,59.859976662776624
2026-01-19 17:00:00,2827.25,2832.8,2836.55,2826.2,19296,2823.7633648099386,2814.755698105041,2804.5931784763334,64.31535269709514
2026-01-19 18:00:00,2833.05,2827.3,2833.7,2826.5,8984,2824.100187208992,2815.247631512687,2804.8191169989573,56.30413859480267
2026-01-19 19:00:00,2826.85,2829.0,2829.9,2824.55,3630,2824.566836046231,2815.7869400808167,2805.059722799963,57.68872320596438
2026-01-19 20:00:00,2828.75,2826.55,2829.05,2825.5,1484,2824.755708803733,2816.2090208619616,2805.2735564039435,51.21241513094081
2026-01-19 21:00:00,2826.55,2826.35,2827.75,2825.5,1173,2824.9075460605204,2816.6067063183555,2805.4832722606207,51.36186770428022
2026-01-19 22:00:00,2826.3,2824.1,2826.3,2823.0,1762,2824.8306369118995,2816.9005609725373,2805.6685133326546,46.14624505928851
2026-01-19 23:00:00,2823.7,2815.7,2823.7,2814.1,6068,2823.9610524440996,2816.853480150085,2805.7683291203894,49.20969441517388
2026-01-20 08:00:00,2820.05,2820.05,2820.05,2820.05,41,2823.588571258947,2816.9788338696894,2805.910435298296,52.03980099502501
2026-01-20 09:00:00,2820.1,2821.5,2826.6,2818.35,8102,2823.389659710476,2817.1561345022506,2806.0655553450792,38.910012674271435
2026-01-20 10:00:00,2821.35,2812.65,2822.75,2811.05,21429,2822.3668349761447,2816.9794233453,2806.1310722073176,32.38396624472614
2026-01-20 11:00:00,2812.6,2807.75,2814.65,2803.45,33742,2820.974755454607,2816.617485174896,2806.1471809415734,30.306021717670674
2026-01-20 12:00:00,2808.1,2812.5,2813.95,2804.25,10346,2820.1676358875015,2816.4560151680375,2806.2103930715084,37.605238540692405
2026-01-20 13:00:00,2812.6,2810.5,2815.35,2809.05,5224,2819.2469086601204,2816.2224459457616,2806.2530757275135,34.109972041006515
2026-01-20 14:00:00,2810.45,2809.0,2811.05,2804.35,4700,2818.271012597252,2815.9392127714177,2806.2804083073397,33.67065317387315
2026-01-20 15:00:00,2809.1,2810.55,2812.25,2802.55,7097,2817.5356780641805,2815.7278710941073,2806.3228918067693,27.68304914744249
2026-01-20 16:00:00,2810.85,2814.0,2817.5,2810.5,11039,2817.1989468199727,2815.6601114433583,2806.3992809430206,36.08786610878648
2026-01-20 17:00:00,2813.85,2817.1,2821.4,2806.5,17689,2817.189523313308,2815.716577661266,2806.5057557595082,37.90650406504063
2026-01-20 18:00:00,2817.4,2816.05,2818.7,2814.35,5609,2817.080997283469,2815.729653047099,2806.6007233638916,39.01673640167368
2026-01-20 19:00:00,2816.75,2812.25,2817.5,2810.25,4156,2816.620902304091,2815.59319606486,2806.6569350717136,36.28404669260711
2026-01-20 20:00:00,2812.2,2814.0,2815.95,2811.45,1636,2816.3712925608443,2815.5307177878067,2806.7300003943833,40.078585461689705
2026-01-20 21:00:00,2814.0,2817.5,2819.95,2812.95,3913,2816.4787885074306,2815.607944541226,2806.837164569564,51.956521739130636
2026-01-20 22:00:00,2818.2,2819.95,2822.6,2816.75,3830,2816.8093800781517,2815.778221225884,2806.967640543996,49.88662131519233
2026-01-20 23:00:00,2820.0,2817.65,2820.1,2815.0,2116,2816.8894391183276,2815.8516243150652,2807.0739326778867,45.71746384872084
2026-01-21 08:00:00,2818.2,2818.2,2818.2,2818.2,13,2817.0142544403916,2815.9437174791806,2807.1846398154203,57.57162346521125
2026-01-21 09:00:00,2818.2,2818.45,2821.6,2811.0,8584,2817.1509921127354,2816.0420030682326,2807.2967329515855,66.7187500000002
2026-01-21 10:00:00,2818.6,2813.6,2820.1,2808.9,17119,2816.812802387713,2815.9462382420274,2807.3594520266943,51.713395638629194
2026-01-21 11:00:00,2813.8,2815.65,2816.6,2809.45,5666,2816.702059303169,2815.9346210560657,2807.441945041354,58.009331259720405
2026-01-21 12:00:00,2815.4,2823.5,2829.25,2812.5,21930,2817.3494822266766,2816.2313025832786,2807.6017266827334,68.83116883116928
2026-01-21 13:00:00,2823.5,2844.6,2848.0,2823.0,48385,2819.9447696336597,2817.343800521189,2807.969868705791,79.32816537467737
2026-01-21 14:00:00,2844.8,2849.85,2855.35,2844.8,36115,2822.7928868114063,2818.6185534419274,2808.3865864301115,79.94987468671721
2026-01-21 15:00:00,2849.9,2851.85,2852.75,2848.3,9589,2825.5602309246055,2819.921747424597,2808.8190582069265,79.57446808510684
2026-01-21 16:00:00,2851.8,2847.7,2852.5,2846.1,15281,2827.6687803603577,2821.011090662848,2809.2059332496437,75.58609539207754
2026-01-21 17:00:00,2848.0,2850.15,2854.75,2846.5,11560,2829.8098488974665,2822.1537929897954,2809.613336898901,81.32231404958709
2026-01-21 18:00:00,2850.3,2850.0,2851.25,2845.65,14105,2831.7327204310413,2823.245801107843,2810.0151942431903,80.56027164685926
2026-01-21 19:00:00,2849.4,2847.25,2849.95,2844.3,10563,2833.210556580466,2824.1871422408685,2810.38568982286,75.58039552880498
2026-01-21 20:00:00,2847.45,2849.05,2849.05,2844.5,5615,2834.719075001374,2825.162156270638,2810.7704093271104,75.30434782608728
2026-01-21 21:00:00,2849.1,2851.55,2853.0,2848.45,3739,2836.3220202393386,2826.1969736717897,2811.1761763984823,79.37608318890808
2026-01-21 22:00:00,2851.55,2858.45,2860.0,2851.0,10863,2838.429446883211,2827.4617982336804,2811.646562702975,81.42076502732232
2026-01-21 23:00:00,2858.35,2856.85,2858.55,2855.05,3671,2840.183785275286,2828.6142767343204,2812.0963481487165,79.35779816513764
2026-01-22 08:00:00,2855.0,2855.0,2855.0,2855.0,14,2841.5948533443066,2829.6490109800334,2812.5232501571872,83.17307692307695
2026-01-22 09:00:00,2856.8,2852.5,2856.8,2848.7,8099,2842.6334387400866,2830.545128196503,2812.9210287625883,79.31583134447092
2026-01-22 10:00:00,2852.5,2854.35,2862.0,2850.05,27266,2843.7493017172214,2831.478652580954,2813.333257332115,77.1328056288478
2026-01-22 11:00:00,2854.05,2855.1,2860.7,2854.05,10678,2844.8303206012956,2832.404979930721,2813.7488468113975,64.3835616438356
2026-01-22 12:00:00,2854.85,2853.15,2855.5,2847.15,11603,2845.6226710202195,2833.2185101295163,2814.1408980869064,54.96987951807258
2026-01-22 13:00:00,2853.35,2852.15,2857.0,2851.65,6724,2846.244321399246,2833.9609214969864,2814.5190981059422,50.46583850931706
2026-01-22 14:00:00,2852.4,2857.55,2866.6,2851.4,19313,2847.321052694556,2834.8859833990655,2814.9472662839926,64.72346786248194
2026-01-22 15:00:00,2857.75,2858.8,2859.6,2856.35,2094,2848.414285771265,2835.823787971651,2815.383611893107,63.41085271317863
2026-01-22 16:00:00,2859.15,2848.5,2864.75,2837.7,31969,2848.4224490311444,2836.320894325704,2815.713128192678,48.231132075471685
2026-01-22 17:00:00,2848.75,2850.35,2853.55,2828.25,50755,2848.6060253138926,2836.8710553325395,2816.0577736832984,53.73493975903608
2026-01-22 18:00:00,2849.85,2840.85,2852.35,2838.95,19915,2847.8673562363792,2837.0270923783223,2816.30446250237,41.66666666666628
2026-01-22 19:00:00,2844.95,2843.95,2850.6,2841.25,7259,2847.4942746900574,2837.2985789517215,2816.579542477471,42.369477911646115
2026-01-22 20:00:00,2844.05,2845.4,2846.85,2837.15,5084,2847.2948199576713,2837.6162817379286,2816.8663131990884,35.28748590755383
2026-01-22 21:00:00,2845.45,2852.75,2856.85,2845.25,7787,2847.8143609140834,2838.209760885461,2817.223364809048,45.90818363273461
2026-01-22 22:00:00,2852.55,2847.55,2852.7,2844.5,3650,2847.7891836841704,2838.5760447723055,2817.525122373137,43.03086997193653
2026-01-22 23:00:00,2847.6,2848.05,2850.4,2845.25,2573,2847.814023333297,2838.9475724282934,2817.8288524987775,45.67541302235196
2026-01-23 08:00:00,2849.0,2849.0,2849.0,2849.0,34,2847.926973492031,2839.3417852742427,2818.1390131704316,44.708209693372964
2026-01-23 09:00:00,2849.0,2838.55,2849.0,2832.05,13500,2847.033928397552,2839.3107348713315,2818.3421075667457,36.265560165975224
2026-01-23 10:00:00,2838.15,2842.4,2844.65,2833.45,8204,2846.592601883499,2839.4318825234363,2818.581489581007,41.35156878519706
2026-01-23 11:00:00,2842.55,2849.95,2856.2,2842.1,12390,2846.9123540850705,2839.8443577185953,2818.8936140627884,48.39883551673924
2026-01-23 12:00:00,2850.45,2846.1,2851.95,2843.6,7467,2846.8349870293496,2840.0896770237487,2819.1643243706217,41.47431124348443
2026-01-23 13:00:00,2845.55,2846.75,2850.45,2844.05,6200,2846.8268930265544,2840.350866160072,2819.4388087052425,40.94665664913575
2026-01-23 14:00:00,2846.95,2844.95,2847.15,2842.15,2750,2846.6481413097395,2840.5312243498734,2819.6926514046927,46.942291128337445
2026-01-23 15:00:00,2845.25,2849.9,2851.0,2842.7,4661,2846.957842137383,2840.898627316545,2819.993222037482,49.63205233033539
2026-01-23 16:00:00,2849.5,2845.3,2851.0,2844.05,5722,2846.7999524100132,2841.071230166877,2820.2450307734275,53.955555555555826
2026-01-23 17:00:00,2845.6,2846.65,2850.0,2845.35,3880,2846.7856712281073,2841.2900054544502,2820.507766785632,52.477064220183756
2026-01-23 18:00:00,2847.05,2849.75,2849.85,2846.65,5187,2847.0679882540016,2841.6217699464323,2820.7987342803026,53.873552983081
2026-01-23 19:00:00,2849.2,2846.65,2850.3,2845.4,4894,2847.0281798488586,2841.818955438729,2821.0559608048766,44.12331406551059
2026-01-23 20:00:00,2846.95,2858.65,2866.75,2845.0,21182,2848.135019863253,2842.478996401916,2821.4300308466195,59.454855195911435
2026-01-23 21:00:00,2858.95,2858.05,2864.2,2856.15,11359,2849.0793036858004,2843.0896239939975,2821.794408649141,58.50340136054432
2026-01-23 22:00:00,2857.6,2859.7,2862.6,2855.2,6439,2850.090798572867,2843.7410112883504,2822.171578712334,58.991596638655444
2026-01-23 23:00:00,2859.7,2860.95,2863.35,2858.6,1812,2851.1250082325937,2844.415873590768,2822.55743365052,72.26640159045722
2026-01-24 09:00:00,2861.0,2861.0,2861.0,2861.0,2,2852.065483639013,2845.0662314891692,2822.939946748525,70.0000000000001
2026-01-24 10:00:00,2862.0,2859.75,2862.85,2857.75,1423,2852.7973423400595,2845.6420655484176,2823.3062159351066,62.18905472636844
2026-01-24 11:00:00,2860.5,2859.45,2862.15,2858.4,1135,2853.4309287838632,2846.18355317397,2823.6658555775434,68.21282401091389
2026-01-24 12:00:00,2859.1,2850.9,2859.1,2847.0,4382,2853.1898879473047,2846.36851187303,2823.9368420892097,54.65768799102146
2026-01-24 13:00:00,2850.9,2838.85,2850.9,2824.9,19255,2851.8241843332758,2846.0736682701663,2824.085231720163,44.43430656934312
2026-01-24 14:00:00,2838.05,2838.7,2841.95,2836.25,2149,2850.5742620158208,2845.7845048085915,2824.2306523000616,38.79999999999963
2026-01-24 15:00:00,2838.75,2848.9,2856.75,2831.55,9551,2850.414808490504,2845.9066810906074,2824.4761184463296,53.23741007194237
2026-01-24 16:00:00,2851.5,2846.65,2854.25,2843.05,4341,2850.056255300932,2845.93583085176,2824.6967540836795,50.0
2026-01-24 17:00:00,2846.75,2849.7,2851.95,2846.45,2309,2850.022326224653,2846.0834453281614,2824.9455426002596,49.95571302037185
2026-01-24 18:00:00,2849.05,2850.9,2851.25,2847.45,652,2850.1059142032573,2846.2723298250967,2825.2037959077197,53.89550870760769
2026-01-25 09:00:00,2853.0,2850.8,2853.0,2850.8,29,2850.172017612471,2846.4498855182305,2825.458484505653,40.797186400937996
2026-01-25 10:00:00,2852.15,2855.15,2858.2,2850.95,2891,2850.646111173188,2846.7910664783,2825.753922470771,46.874999999999915
2026-01-25 11:00:00,2855.7,2855.55,2856.9,2855.0,865,2851.113148204313,2847.134554067386,2826.0504008541466,45.40420819490633
2026-01-25 12:00:00,2855.4,2868.65,2873.0,2855.0,9398,2852.7833245658067,2847.9782970451356,2826.474277462563,56.754385964912466
2026-01-25 13:00:00,2868.8,2865.05,2869.6,2863.0,2796,2853.9515793690634,2848.647775592385,2826.8581154977614,53.34434351775407
2026-01-25 14:00:00,2863.95,2864.8,2866.25,2863.5,889,2854.984762286296,2849.28119615739,2827.235646686838,54.24013434089015
2026-01-25 15:00:00,2865.25,2864.8,2866.0,2863.5,1027,2855.9195468304583,2849.8897767002377,2827.6094213466704,54.51476793248976
2026-01-25 16:00:00,2864.8,2864.45,2867.0,2863.9,922,2856.7319709418434,2850.460765849248,2827.975994268594,63.27130264446578
2026-01-25 17:00:00,2864.4,2866.0,2868.0,2864.15,1202,2857.614640375954,2851.0701475806504,2828.35434258433,83.47718865597986
2026-01-25 18:00:00,2865.25,2866.1,2867.7,2863.8,1280,2858.4227698639584,2851.65955355788,2828.7299212650832,83.8271604938269
2026-01-26 08:00:00,2859.0,2859.0,2859.0,2859.0,48,2858.477744162629,2851.947414202669,2829.031116078366,63.50267379679129
2026-01-26 09:00:00,2860.0,2841.35,2862.0,2840.05,23393,2856.8465304328547,2851.531829331976,2829.1536920377853,44.98106060606045
2026-01-26 10:00:00,2841.25,2840.1,2848.3,2836.05,20882,2855.251622772583,2851.0835222993496,2829.2626105249715,40.588235294117815
2026-01-26 11:00:00,2839.85,2834.5,2843.6,2834.0,11402,2853.275277746622,2850.433188091532,2829.3147238530814,35.19855595667863
2026-01-26 12:00:00,2834.25,2836.65,2841.1,2833.2,10120,2851.6919179612296,2849.892670911472,2829.3877116754393,37.68494342906874
2026-01-26 13:00:00,2836.7,2842.5,2844.4,2836.1,7945,2850.816497203017,2849.602762248277,2829.5181822060317,39.27056827820183
2026-01-26 14:00:00,2842.55,2832.1,2843.8,2829.1,16586,2849.0339736598726,2848.9163794150113,2829.5438719353247,32.99492385786789
2026-01-26 15:00:00,2832.0,2834.8,2835.45,2829.1,10435,2847.678357120837,2848.36279590854,2829.596171717063,21.093082835183992
2026-01-26 16:00:00,2834.75,2838.05,2842.85,2833.25,9921,2846.7613707283763,2847.9583725395782,2829.6802894114207,26.804123711340495
2026-01-26 17:00:00,2837.95,2840.55,2842.7,2833.2,7608,2846.169811611388,2847.6678481262616,2829.7884457356854,29.94210090984309
2026-01-26 18:00:00,2840.5,2831.65,2840.85,2829.05,15188,2844.7869724103034,2847.0396972193494,2829.8069686636886,26.099495313626747
2026-01-26 19:00:00,2833.9,2835.65,2836.7,2830.9,2888,2843.916784561703,2846.5930424264334,2829.865108278975,30.273972602740045
2026-01-26 20:00:00,2835.65,2841.25,2848.9,2835.6,11924,2843.662805079636,2846.383511350887,2829.9783907836622,33.93900064892931
2026-01-26 21:00:00,2840.75,2836.9,2841.3,2836.0,1833,2843.0187284053854,2846.0116089449702,2830.0472625171583,32.041820418204324
2026-01-26 22:00:00,2836.9,2831.7,2836.9,2830.0,3466,2841.9407542715394,2845.450369378501,2830.0637076662415,32.80856423173803
2026-01-26 23:00:00,2831.65,2832.5,2832.85,2830.05,4478,2841.041634817107,2844.9425117558144,2830.0879493810053,42.925659472422204
2026-01-27 08:00:00,2832.5,2832.5,2832.5,2832.5,4,2840.228145786906,2844.4545701183315,2830.111949884677,43.80097879282232
2026-01-27 09:00:00,2833.0,2835.0,2837.95,2832.5,4123,2839.730227140534,2844.0838026627107,2830.160587199258,50.429553264604806
2026-01-27 10:00:00,2835.05,2826.8,2836.5,2822.5,16603,2838.498776936674,2843.4060064798596,2830.1271485206585,42.33463035019468
2026-01-27 11:00:00,2826.8,2828.95,2830.6,2818.35,19256,2837.5893696093717,2842.839104264963,2830.1154356000548,38.81090008257627
2026-01-27 12:00:00,2828.95,2832.1,2832.1,2826.5,7977,2837.066572503717,2842.417962921239,2830.1351825095066,50.0
2026-01-27 13:00:00,2832.15,2835.45,2837.45,2828.5,5613,2836.9126132176484,2842.144709473347,2830.1880662656313,50.60240963855388
2026-01-27 14:00:00,2835.3,2840.75,2845.15,2835.3,14955,2837.2780786254916,2842.0900149841964,2830.293160133635,52.41071428571412
2026-01-27 15:00:00,2841.05,2840.1,2844.85,2837.8,7554,2837.5468330421118,2842.0119751808948,2830.3907406298176,49.58448753462579
2026-01-27 16:00:00,2839.8,2847.6,2849.8,2838.4,13512,2838.5042775142915,2842.231113409095,2830.5619770414614,65.1184834123221
2026-01-27 17:00:00,2847.65,2848.95,2852.0,2845.4,16438,2839.4991082272163,2842.494599157758,2830.744942444034,63.27345309381213
2026-01-27 18:00:00,2848.95,2849.0,2851.1,2845.4,8481,2840.40395506272,2842.749712916277,2830.9265848077753,58.69809203142533
2026-01-27 19:00:00,2850.65,2849.4,2854.05,2848.25,8998,2841.260721247223,2843.010508488188,2831.110399884315,65.3940886699506
2026-01-27 20:00:00,2849.4,2853.9,2855.25,2846.65,6092,2842.4644620808212,2843.4375473710043,2831.337162074521,77.81954887218073
2026-01-27 21:00:00,2853.6,2856.8,2857.65,2850.05,4878,2843.829751406457,2843.961565121161,2831.590523645919,78.92857142857164
2026-01-27 22:00:00,2856.55,2858.0,2858.05,2855.3,2611,2845.1792988915563,2844.512091979155,2831.8533045051636,79.51388888888901
2026-01-27 23:00:00,2857.95,2853.2,2858.65,2851.25,4975,2845.943175187598,2844.8527942544824,2832.0657094354606,69.9999999999998
2026-01-28 08:00:00,2853.5,2853.5,2853.5,2853.5,26,2846.662872788779,2845.19190036215,2832.278985958491,85.50531914893558
2026-01-28 09:00:00,2857.3,2863.2,2864.45,2853.5,9633,2848.237837285086,2845.8981003479485,2832.586657739999,87.92912513842701
2026-01-28 10:00:00,2863.4,2862.3,2864.0,2854.65,19254,2849.5770908769823,2846.5413120990097,2832.882312886865,85.19813519813545
2026-01-28 11:00:00,2862.3,2857.95,2866.0,2856.05,17447,2850.37451079346,2846.9887116245386,2833.1317426093838,75.62642369020469
2026-01-28 12:00:00,2857.95,2854.45,2857.95,2850.85,11727,2850.762652622654,2847.2813111686746,2833.3438645734695,66.27078384798065
2026-01-28 13:00:00,2854.4,2854.1,2856.6,2852.2,5743,2851.0804952300205,2847.5487107306876,2833.550393284181,66.74641148325352
2026-01-28 14:00:00,2854.45,2853.8,2857.05,2850.6,7759,2851.339495684304,2847.7938593294843,2833.7518819082193,58.95953757225475
2026-01-28 15:00:00,2853.6,2852.45,2856.35,2847.05,11955,2851.4452580000843,2847.9764530812695,2833.937932834506,55.057803468208036
2026-01-28 16:00:00,2852.45,2852.05,2855.95,2847.45,7868,2851.502852476267,2848.136200019259,2834.118152408292,54.36337625178856
2026-01-28 17:00:00,2852.2,2859.75,2860.6,2851.4,7797,2852.2882950975745,2848.5916431557584,2834.373195667911,62.248520710059196
2026-01-28 18:00:00,2859.6,2852.0,2861.0,2850.15,15389,2852.260838421615,2848.725304208474,2834.5485867557927,47.912087912087785
2026-01-28 19:00:00,2854.85,2850.3,2856.75,2845.35,8977,2852.074091905271,2848.7870569846127,2834.7053172358346,42.66365688487573
2026-01-28 20:00:00,2850.3,2853.2,2853.55,2849.7,1884,2852.181321247626,2848.9601135734515,2834.8893439300055,44.782608695651874
2026-01-28 21:00:00,2853.4,2847.4,2853.4,2846.45,3372,2851.7259573192805,2848.8989326490023,2835.0138280700053,43.82978723404266
2026-01-28 22:00:00,2847.05,2848.3,2849.65,2846.35,1173,2851.3996756698252,2848.875445094139,2835.1460287857267,44.53781512605044
2026-01-28 23:00:00,2849.0,2846.25,2850.0,2845.0,4239,2850.909230367937,2848.7724864629963,2835.256516061491,28.785982478097267
2026-01-29 08:00:00,2855.3,2855.25,2855.3,2851.25,44,2851.3226369995623,2849.0265066017023,2835.4554562001827,42.66389177939616
2026-01-29 09:00:00,2855.3,2869.55,2883.0,2850.3,39231,2853.0585763329373,2849.831349480067,2835.7947053922207,60.00000000000047
2026-01-29 10:00:00,2869.55,2883.65,2894.25,2869.55,63459,2855.97204525361,2851.1575710690836,2836.2708774778703,71.28279883381975
2026-01-29 11:00:00,2884.0,2884.15,2892.45,2880.6,27073,2858.6556599913615,2852.4513918114726,2836.747286657195,71.85454545454587
2026-01-29 12:00:00,2884.55,2885.85,2890.7,2877.85,20820,2861.2455971350414,2853.761141152199,2837.235870869562,72.84390591589458
2026-01-29 13:00:00,2886.0,2894.25,2899.9,2884.2,23879,2864.388873598371,2855.348939538387,2837.803175637029,77.07253886010413
2026-01-29 14:00:00,2894.4,2894.75,2898.4,2890.8,8793,2867.2804094461453,2856.8940791643327,2838.3698107053174,77.61966364812434
2026-01-29 15:00:00,2895.35,2890.7,2898.6,2886.5,18726,2869.5108466417505,2858.2198015500453,2838.8905091062597,71.01154107264085
2026-01-29 16:00:00,2890.85,2903.8,2903.8,2887.7,13503,2872.7764802949173,2860.0072603127887,2839.536374687292,82.78481012658239
2026-01-29 17:00:00,2903.75,2902.7,2912.0,2902.5,29985,2875.626339314449,2861.681485398562,2840.1648684714983,83.41836734693831
2026-01-29 18:00:00,2902.8,2863.1,2903.4,2850.05,99937,2874.433354617835,2861.737113422148,2840.393078735464,54.30060816681147
2026-01-29 19:00:00,2863.0,2870.0,2874.9,2860.75,23001,2874.0111303685176,2862.061148189907,2840.687674966952,59.724612736660795
2026-01-29 20:00:00,2870.05,2868.95,2884.7,2865.0,15268,2873.529117952468,2862.331299241283,2840.9688921314596,58.87408680704745
2026-01-29 21:00:00,2868.95,2874.5,2877.4,2867.55,3761,2873.621582909376,2862.8085031926053,2841.3025349958234,61.785565289945644
2026-01-29 22:00:00,2874.85,2883.1,2884.0,2871.35,4747,2874.524289298959,2863.6042481654445,2841.7184301699945,61.65759732105467
2026-01-29 23:00:00,2882.9,2885.4,2887.65,2880.55,7005,2875.560071270487,2864.4589835315055,2842.1530726558653,57.37552349930188
2026-01-30 08:00:00,2875.95,2875.95,2875.95,2875.95,92,2875.5972073399644,2864.9096116283094,2842.4893604901354,46.2548638132295
2026-01-30 09:00:00,2878.0,2874.95,2879.0,2868.5,11729,2875.535568545682,2865.303352348768,2842.812351928045,45.54695062923517
2026-01-30 10:00:00,2875.3,2874.05,2878.15,2862.95,21013,2875.3940858270457,2865.646358139012,2843.1231742969203,44.2439024390246
2026-01-30 11:00:00,2874.0,2838.55,2874.35,2837.2,49828,2871.885125272089,2864.583755859051,2843.0776700750603,28.51080246913608
2026-01-30 12:00:00,2838.25,2839.5,2843.0,2831.25,27981,2868.8008276271285,2863.600079158696,2843.042071367846,28.758169934640705
2026-01-30 13:00:00,2839.5,2851.4,2856.5,2839.0,17642,2867.1436059483544,2863.121644681885,2843.1252348368225,35.75054387237148
2026-01-30 14:00:00,2851.45,2850.2,2855.3,2847.45,8430,2865.529929191368,2862.61491351789,2843.195630510088,28.730158730158735
2026-01-30 15:00:00,2850.5,2843.85,2854.9,2843.0,8846,2863.465174030285,2861.879034556404,2843.202141649291,27.580952380952496
2026-01-30 16:00:00,2843.9,2850.7,2852.0,2841.65,6695,2862.249443170258,2861.4406410443885,2843.27674720502,43.70558375634516
2026-01-30 17:00:00,2851.05,2854.05,2860.0,2847.15,31112,2861.46854382071,2861.1508119838245,2843.383943750244,41.600842548710006
2026-01-30 18:00:00,2854.05,2844.55,2854.5,2840.5,8159,2859.857253933023,2860.4997997491646,2843.395546299993,38.20116054158631
2026-01-30 19:00:00,2844.6,2840.95,2846.7,2837.4,5535,2858.056563082259,2859.733140935472,2843.3712125059633,33.464760965993136
2026-01-30 20:00:00,2840.5,2834.25,2843.55,2833.2,7139,2855.789271360139,2858.7338020752572,2843.2804541725704,25.464590657961025
2026-01-30 21:00:00,2835.35,2833.25,2847.2,2824.4,35998,2853.642674087745,2857.734437287992,2843.1806486584155,23.460559796437735
2026-01-30 22:00:00,2833.4,2840.55,2841.3,2828.05,9007,2852.395752746055,2857.060537786502,2843.154473049874,31.581685744016923
2026-01-30 23:00:00,2840.5,2838.0,2841.1,2836.6,2872,2851.0247286750023,2856.3130657164434,2843.1031847608206,31.080389144905467
2026-01-31 09:00:00,2832.2,2835.8,2835.8,2832.2,8,2849.574754515478,2855.5086317667788,2843.030516255738,30.672056594239663
2026-01-31 10:00:00,2837.35,2847.05,2856.0,2836.65,18549,2849.3343017044804,2855.176920717101,2843.0705111188654,55.68942436412311
2026-01-31 11:00:00,2847.45,2847.9,2849.5,2847.4,342,2849.197701542149,2854.8915512772146,2843.118565734598,55.630026809651476
2026-01-31 12:00:00,2847.5,2842.25,2847.5,2841.0,1190,2848.536015680992,2854.3958041683045,2843.109923289478,43.30651060716899
2026-01-31 13:00:00,2841.8,2841.25,2845.6,2841.15,642,2847.8421094256596,2853.880282436214,2843.0914165900804,43.43360234776247
2026-01-31 14:00:00,2841.6,2845.3,2847.3,2841.25,410,2847.600003766073,2853.543800772049,2843.113392544408,51.10098709187567
2026-01-31 15:00:00,2845.3,2844.95,2847.35,2844.75,1007,2847.347622455018,2853.206788977067,2843.1316672454586,45.155855096883
2026-01-31 16:00:00,2845.0,2845.05,2845.65,2844.2,421,2847.128801268826,2852.886914899535,2843.150755133564,41.97860962566863
2026-01-31 17:00:00,2845.05,2844.5,2845.9,2844.45,243,2846.8784392432235,2852.558016276024,2843.164180455618,49.94697773064668
2026-01-31 18:00:00,2844.45,2844.0,2849.3,2843.35,1640,2846.60430217244,2852.222407794611,2843.172497068,53.46197502837696
2026-02-01 09:00:00,2844.0,2844.0,2844.0,2844.0,14,2846.356273394112,2851.8999604301166,2843.1807309280202,63.05220883534092
2026-02-01 10:00:00,2844.0,2845.1,2849.15,2844.0,977,2846.2366283089586,2851.63329531521,2843.1998281327164,65.82109479305679
2026-02-01 11:00:00,2846.4,2844.45,2846.45,2842.65,1406,2846.066473231915,2851.3515974597117,2843.2122676537842,56.331168831168014
2026-02-01 12:00:00,2844.6,2842.0,2844.85,2840.8,959,2845.6791900669705,2850.9848681475664,2843.2002052890703,56.51465798045587
2026-02-01 13:00:00,2842.55,2854.05,2855.0,2839.9,4835,2846.476410060592,2851.1050693966818,2843.3081634453983,72.50308261405611
2026-02-01 14:00:00,2853.65,2851.95,2859.75,2849.25,4040,2846.997704340536,2851.1382039301457,2843.3941518688275,57.8025477706997
2026-02-01 15:00:00,2851.95,2845.5,2854.45,2845.45,3867,2846.8550658319136,2850.9170978936695,2843.4151055815755,46.75675675675675
2026-02-01 16:00:00,2845.5,2847.0,2849.0,2844.4,1300,2846.868869086017,2850.7634862115647,2843.4507761728037,57.229832572298044
2026-02-01 17:00:00,2847.0,2846.8,2847.85,2843.0,883,2846.8623101254443,2850.6080553797387,2843.4841017830245,58.65834633385334
2026-02-01 18:00:00,2846.8,2847.65,2849.1,2846.2,751,2846.9373282087354,2850.492053207984,2843.5255535065767,54.07279029462712
2026-02-02 08:00:00,2837.0,2836.95,2837.0,2836.95,272,2845.9861540936176,2849.960992297867,2843.460125113477,39.795918367347134
2026-02-02 09:00:00,2836.0,2819.8,2836.0,2809.0,35027,2843.49223465613,2848.778208286186,2843.2247009829944,27.555555555555557
2026-02-02 10:00:00,2819.85,2826.75,2828.95,2812.25,27529,2841.897736117451,2847.9143569808452,2843.0607736100296,35.83399840383072
2026-02-02 11:00:00,2826.25,2823.4,2826.8,2820.2,11524,2840.1360469634083,2846.953009648263,2842.86514402187,34.274809160305296
2026-02-02 12:00:00,2823.0,2839.1,2841.55,2820.5,18350,2840.0373758240357,2846.6450484855864,2842.8276799022497,46.982758620689566
2026-02-02 13:00:00,2839.5,2835.6,2842.3,2832.05,11490,2839.6147686026993,2846.2119093292886,2842.755762689292,44.318181818181785
2026-02-02 14:00:00,2834.8,2837.5,2838.1,2830.0,8438,2839.413362069109,2845.8702658261795,2842.70346654313,45.90453741897474
2026-02-02 15:00:00,2837.3,2834.65,2840.85,2830.05,7996,2838.9597085387177,2845.4302554016235,2842.6233325476765,45.68914956011733
2026-02-02 16:00:00,2834.7,2829.65,2836.05,2825.25,10732,2838.0730696302685,2844.811421856462,2842.49424466163,34.39897698209701
2026-02-02 17:00:00,2830.2,2830.75,2833.8,2824.0,8091,2837.3756344273856,2844.2599935483654,2842.377386505793,36.26943005181339
2026-02-02 18:00:00,2831.05,2829.45,2832.9,2827.8,3256,2836.620812100968,2843.6792094876455,2842.2487557942927,38.861901457321075
2026-02-02 19:00:00,2829.2,2838.2,2840.55,2829.0,7002,2836.771210948495,2843.4643385273457,2842.2084696669867,44.45145018915494
2026-02-02 20:00:00,2838.2,2833.6,2841.25,2833.6,6155,2836.469190858162,2843.077501722352,2842.12281325239,42.11469534050157
2026-02-02 21:00:00,2833.5,2834.65,2838.3,2831.6,3031,2836.2959345859563,2842.74701145873,2842.0484569016203,42.252681764004734
2026-02-02 22:00:00,2835.0,2845.7,2847.35,2834.55,8292,2837.191559863484,2842.8628149309366,2842.0847906637932,55.19287833827899
2026-02-02 23:00:00,2846.05,2841.3,2846.85,2840.0,3560,2837.5828398764857,2842.8015280709,2842.076981801467,65.03496503496523
2026-02-03 08:00:00,2847.7,2847.7,2847.7,2847.7,35,2838.5463789358682,2842.993625009296,2842.132932231303,64.76391825229044
2026-02-03 09:00:00,2845.05,2847.95,2849.15,2838.0,12499,2839.4419618943566,2843.18799265599,2842.190813502634,68.09137803979372
2026-02-03 10:00:00,2847.3,2845.9,2853.55,2841.1,21419,2840.057013142513,2843.294345885167,2842.227720830966,56.27306273062759
2026-02-03 11:00:00,2846.0,2839.7,2846.75,2839.6,13792,2840.023011890845,2843.153391144572,2842.202569379912,53.60281195079083
2026-02-03 12:00:00,2839.85,2843.6,2846.0,2835.1,11320,2840.36367742505,2843.170905217334,2842.2164741622014,55.17826825127334
2026-02-03 13:00:00,2843.75,2842.85,2848.35,2842.75,5908,2840.600470051236,2843.1583206990076,2842.2227779018813,57.218309859154864
2026-02-03 14:00:00,2843.0,2845.25,2848.5,2839.9,9891,2841.0432824273084,2843.2403473382624,2842.2528995147977,64.3911439114392
2026-02-03 15:00:00,2844.95,2845.85,2852.85,2843.35,12356,2841.501065053279,2843.3426866583304,2842.2886915594263,64.05959031657363
2026-02-03 16:00:00,2845.8,2850.6,2850.9,2840.6,9622,2842.3676302863005,2843.6272871815336,2842.3713911458995,68.50393700787436
2026-02-03 17:00:00,2850.25,2851.1,2851.95,2847.6,7557,2843.199284544748,2843.9203347430425,2842.4582429752936,63.19018404908007
2026-02-03 18:00:00,2851.05,2849.1,2852.4,2845.5,7719,2843.7612574452482,2844.123458870766,2842.524330109868,66.7386609071277
2026-02-03 19:00:00,2849.1,2844.75,2849.75,2842.75,3689,2843.855423402844,2844.1480291111284,2842.5464760789246,60.18145161290334
2026-02-03 20:00:00,2844.5,2840.15,2846.55,2838.0,6454,2843.5025259359063,2843.99124365579,2842.5226305458013,43.56894553881827
2026-02-03 21:00:00,2840.4,2843.65,2847.35,2836.2,9026,2843.5165710848673,2843.9778615516416,2842.533848152311,52.781065088757316
2026-02-03 22:00:00,2844.0,2843.95,2846.75,2840.4,2347,2843.5578500291654,2843.976768941773,2842.547939215472,44.81327800829871
2026-02-03 23:00:00,2843.95,2843.0,2844.8,2838.25,4865,2843.504721454959,2843.93846427739,2842.552437332731,43.28358208955239
2026-02-04 08:00:00,2856.7,2851.8,2856.7,2851.65,583,2844.294747983058,2844.246759795924,2842.6444528816596,56.76605504587168
2026-02-04 09:00:00,2851.0,2859.25,2859.85,2844.45,13598,2845.7190576989574,2844.8351221568682,2842.8096822062203,71.79487179487226
2026-02-04 10:00:00,2859.25,2861.85,2865.0,2854.35,25169,2847.2553379181045,2845.5023722683636,2842.999138104666,70.95292766934593
2026-02-04 11:00:00,2862.0,2857.5,2863.0,2856.0,12227,2848.2310200211423,2845.9728674735256,2843.1434252877043,65.53552492046697
2026-02-04 12:00:00,2857.5,2855.45,2859.3,2847.3,15750,2848.9185419238906,2846.344519729466,2843.265878767429,60.89743589743588
2026-02-04 13:00:00,2855.45,2854.5,2857.0,2848.65,8319,2849.4501093597105,2846.664342485173,2843.3776610682507,59.17285259809145
2026-02-04 14:00:00,2854.4,2843.55,2854.4,2840.0,18407,2848.8881941825953,2846.5422114073235,2843.3793758834922,43.39268978444249
2026-02-04 15:00:00,2843.55,2842.1,2849.25,2842.05,7857,2848.2416994985388,2846.368007038409,2843.366645775199,41.71270718232033
2026-02-04 16:00:00,2842.1,2839.0,2842.1,2832.35,17467,2847.361537641535,2846.0790655859223,2843.3231965635055,40.88447653429598
2026-02-04 17:00:00,2839.05,2838.35,2842.95,2834.0,9713,2846.5032959613886,2845.77596497471,2843.273712020585,43.8104448742745
2026-02-04 18:00:00,2838.25,2830.15,2839.3,2828.0,13438,2844.945839203161,2845.1631820345256,2843.1431278213754,40.95840867992755
2026-02-04 19:00:00,2828.55,2828.0,2830.85,2821.7,12804,2843.331949755241,2844.4901160723875,2842.9924499326053,35.49582947173283
2026-02-04 20:00:00,2828.1,2820.6,2831.4,2816.4,9475,2841.1670021595037,2843.5532487754313,2842.7696394855147,30.87633087633087
2026-02-04 21:00:00,2820.8,2824.0,2825.5,2815.25,5356,2839.5320495728847,2842.786454705806,2842.5828769035697,35.03937007874015
2026-02-04 22:00:00,2823.8,2826.45,2827.65,2820.15,2996,2838.2861400897527,2842.1458094232257,2842.4223507652255,27.82152230971083
2026-02-04 23:00:00,2826.35,2827.4,2827.7,2823.05,1729,2837.2493648431096,2841.567542387021,2842.272874638208,18.558736426456207
2026-02-05 08:00:00,2819.6,2819.6,2819.6,2819.6,51,2835.5684729532895,2840.70607013655,2842.0472738955395,12.1754700089528
2026-02-05 09:00:00,2819.6,2808.25,2819.6,2803.1,32162,2832.966713624405,2839.4332830723715,2841.710982612997,10.819411296738494
2026-02-05 10:00:00,2808.1,2812.3,2813.3,2800.05,20902,2830.9984551839857,2838.3692327558083,2841.418336019833,16.73091750192799
2026-02-05 11:00:00,2812.0,2812.8,2816.15,2805.85,28213,2829.265268975987,2837.366517745777,2841.133576457447,17.62422360248489
2026-02-05 12:00:00,2812.95,2803.25,2814.35,2801.1,13665,2826.787624311607,2836.02861508908,2840.75662544792,18.01587301587334
2026-02-05 13:00:00,2803.1,2793.55,2806.5,2790.3,30116,2823.62213628193,2834.362787046371,2840.286907781772,15.929824561403905
2026-02-05 14:00:00,2793.55,2787.65,2795.55,2781.0,22563,2820.1962185407942,2832.530913044553,2839.7631574555853,15.327481431465586
2026-02-05 15:00:00,2787.65,2783.75,2787.85,2776.1,41983,2816.725150108338,2830.6179360624137,2839.205812605281,14.683053040103843
2026-02-05 16:00:00,2783.2,2792.25,2793.95,2780.15,28932,2814.3941834313537,2829.1133111187896,2838.738590589308,25.579896907216707
2026-02-05 17:00:00,2792.0,2797.8,2798.3,2786.1,16564,2812.8137850093203,2827.885338133739,2838.3312414292154,31.358024691358352
2026-02-05 18:00:00,2797.7,2785.05,2798.1,2783.7,12857,2810.1696150084326,2826.2055209520236,2837.8010798229548,29.415170816445055
2026-02-05 19:00:00,2786.0,2788.75,2790.65,2782.45,9605,2808.1296516742964,2824.736676993121,2837.313009376955,29.65954991344502
2026-02-05 20:00:00,2788.85,2792.8,2797.85,2788.05,4563,2806.669684848173,2823.4842582875085,2836.8700938607667,30.934844192634955
2026-02-05 21:00:00,2792.8,2790.95,2795.9,2790.4,4813,2805.17257200549,2822.208405021332,2836.413177503943,29.55692652832313
2026-02-05 22:00:00,2791.4,2789.45,2794.7,2789.2,2251,2803.6751841954433,2820.9237616871624,2835.9458822053966,31.804465902233076
2026-02-05 23:00:00,2789.35,2791.95,2797.0,2787.4,4553,2802.5584999863536,2819.7875357386465,2835.5081122332035,38.9864864864865
2026-02-06 08:00:00,2797.85,2797.85,2797.85,2797.85,12,2802.110071416225,2818.927240219484,2835.1334046487937,40.47462096242576
2026-02-06 09:00:00,2797.9,2795.3,2803.0,2792.9,6964,2801.4614931861083,2818.000681779504,2834.737052363731,38.767650834403156
2026-02-06 10:00:00,2795.3,2783.75,2796.0,2780.3,32136,2799.774684311241,2816.6575177881505,2834.2297185093657,37.797246558197834
2026-02-06 11:00:00,2783.75,2789.8,2791.25,2782.4,16627,2798.8247143768367,2815.6042817964585,2833.7876317580285,47.540983606557404
2026-02-06 12:00:00,2789.65,2788.4,2791.55,2785.35,9415,2797.8318844361856,2814.5374472162052,2833.3360135315806,50.522648083623686
2026-02-06 13:00:00,2788.5,2794.35,2795.9,2788.25,13144,2797.500276394644,2813.7457826194914,2832.9480929989286,57.18157181571803
2026-02-06 14:00:00,2794.6,2789.35,2796.1,2786.4,7926,2796.7240595951544,2812.7890852618643,2832.5142811282926,47.93741109530579
2026-02-06 15:00:00,2789.9,2789.75,2792.95,2788.0,5891,2796.059863443235,2811.8855917221836,2832.0887658931856,43.821949347659164
2026-02-06 16:00:00,2790.9,2790.25,2797.75,2788.1,11358,2795.506543115308,2811.037137144843,2831.6724597648954,54.91493383742889
2026-02-06 17:00:00,2790.0,2783.85,2790.05,2782.9,11192,2794.3963961519453,2809.970974903869,2831.1966143941004,45.5935251798561
2026-02-06 18:00:00,2783.55,2785.8,2787.3,2782.3,5039,2793.5776917565217,2809.02309353509,2830.7449067881894,43.45794392523376
2026-02-06 19:00:00,2784.55,2787.8,2788.5,2784.5,2070,2793.027435398758,2808.1908153572435,2830.3175942828348,47.06430568499571
2026-02-06 20:00:00,2787.8,2786.55,2790.0,2782.75,2778,2792.410536789352,2807.3421559314697,2829.8820958322594,47.28464419475692
2026-02-06 21:00:00,2786.05,2786.4,2787.85,2785.05,1710,2791.8381047141756,2806.5208949145494,2829.449438162287,44.56415279138134
2026-02-06 22:00:00,2786.0,2787.4,2790.4,2785.75,2060,2791.4154280747302,2805.771055898293,2829.031035792513,38.67822318526577
2026-02-06 23:00:00,2787.0,2787.0,2788.0,2782.5,3755,2790.9949111152323,2805.0349360591445,2828.6128165308965,40.568181818181806
2026-02-07 09:00:00,2788.5,2788.5,2788.5,2788.5,5,2790.757300532829,2804.38650719408,2828.2136840281014,56.995581737849626
2026-02-07 10:00:00,2788.35,2789.4,2792.25,2788.2,4283,2790.628033815417,2803.7988010296062,2827.8274782168764,49.30555555555541
2026-02-07 11:00:00,2789.1,2790.5,2791.55,2789.1,1344,2790.6158401187104,2803.277279420602,2827.4560605231763,53.684210526315574
2026-02-07 12:00:00,2790.6,2791.85,2792.05,2789.5,1328,2790.7333791550236,2802.8291508158727,2827.101771363742,44.76987447698757
2026-02-07 13:00:00,2791.8,2791.95,2792.5,2790.45,895,2790.849247806926,2802.4025174505446,2826.752002494451,56.84210526315749
2026-02-07 14:00:00,2791.95,2791.5,2792.0,2790.9,147,2790.911224206266,2801.9749677466016,2826.4012363004763,54.59317585301832
2026-02-07 15:00:00,2791.7,2792.3,2792.75,2791.55,774,2791.043488567574,2801.595557246735,2826.061920516392,55.29715762273939
2026-02-07 16:00:00,2792.25,2792.05,2792.95,2792.05,327,2791.139346799234,2801.221221668432,2825.7234934465773,81.06060606060645
2026-02-07 17:00:00,2792.1,2792.3,2792.6,2791.95,173,2791.249885199307,2800.8713698382976,2825.390921372482,78.26086956521739
2026-02-07 18:00:00,2792.6,2791.8,2792.65,2791.75,173,2791.302277085087,2800.515629844639,2825.056683348875,70.0
2026-02-08 09:00:00,2791.8,2791.8,2791.8,2791.8,1,2791.3496792674596,2800.173840438967,2824.725771076747,80.0
2026-02-08 10:00:00,2791.8,2793.8,2795.3,2791.75,2810,2791.5830431467493,2799.9238859119487,2824.4180519615556,84.90566037735923
2026-02-08 11:00:00,2793.8,2791.4,2793.85,2790.0,1661,2791.5656104661066,2799.589615876186,2824.0895141310925,66.66666666666666
2026-02-08 12:00:00,2791.05,2790.0,2791.35,2790.0,983,2791.41650470743,2799.2135525084927,2823.7503149855097,61.53846153846153
2026-02-08 13:00:00,2790.0,2789.15,2790.25,2788.0,833,2791.200647116246,2798.818903390513,2823.4060332443605,52.63157894736881
2026-02-08 14:00:00,2789.2,2785.5,2789.35,2785.5,623,2790.65772834327,2798.2965934536296,2823.028858784218,37.0860927152314
2026-02-08 15:00:00,2785.5,2787.25,2787.25,2785.5,381,2790.333182786768,2797.8633937103505,2822.6728502391015,39.682539682539684
2026-02-08 16:00:00,2787.25,2784.0,2787.35,2783.9,773,2789.730022521361,2797.3197312119055,2822.2880457591104,27.762039660057027
2026-02-08 17:00:00,2784.0,2783.15,2787.0,2783.0,2804,2789.103353709803,2796.764055478105,2821.898612467975,26.086956521739978
